النمط	المستبدل	ملاحظة1	الخطأ	الصحيح		
يا أبَتِي	يا أبَتِ	التاء عِوَضٌ من الياء المحذوفة	يا أبَتِي	يا أبَتِ		 
أبُ الفقيد	أبو الفقيد|أبا الفقيد|أبي الفقيد	أب من الأسماء الخمسةـ ترفع بالواو، وتجر بالياء، وتنصب بالألف 	أبُ الفقيد	أبُو الفقيد		
بكى من شدة التأثير	بكى من شدة التأثـُّر	(أثـّر فيه تأثيراً): ترك فيه أثراً	بكى من شدة التأثير	بكى من شدة التأثـُّر		
له قيمة محددة من أجل مادة	له قيمة محددة لمادة		له قيمة محددة من أجل مادة معينـَّة	له قيمة محددة لمادة معينـَّة		
وَقَع مؤخَّراً	وَقَع حديثاً| وقع قريباً |وقع منذ عهد قريب|وقع قبل مدة قصيرة	(المُؤَخـَّر): نهاية الشيء من الخلف	وَقَع مؤخَّراً	وَقَع حديثاً / قريباً / منذ عهد قريب / قبل مدة قصيرة		
استأذن منه 	استأذنه		استأذن منه 	استأذنه		
هذا الأرنب	هذه الأرنب	(الأرنب) اسمٌ مؤنـّث	هذا الأرنب	هذه الأرنب		
هل أنتَ متأكِّد	هل أنتَ متيقِّن| هل أنتَ متحقق	متيقن أو متحقق بدلا من متأكد	هل أنتَ متأكِّد؟	هل أنتَ متيقِّن؟ / هل أنتَ متحقق؟		
أكَّد بأن	أكَّد أنّ	لا حاجة لحرف الجر باء	أكَّد بأنـَّه صادقٌ	أكَّد أنـَّه صادقٌ		
يجب أن نتأكّد من	يجب أن يتأكّد لنا		يجب أن نتأكّد من حدوث كذا	يجب أن يتأكّد لنا حدوثُ كذا		
يجب أن نتأكّد من	يجب أن نتحقّق |يجب أن نتيَقَّن		يجب أن نتأكّد من حدوث كذا	يجب أن نتحقّق / نتيَقَّن حدوثَ كذا		
يجب أن نتأكّد من	يجب أن نستَيْقِنَ		يجب أن نتأكّد من حدوث كذا	يجب أن نستَيْقِنَ حدوثَ كذا		
يجب أن نتأكّد من	يجب أن نتوثـَّق 		يجب أن نتأكّد من حدوث كذا	يجب أن نتوثـَّق من حدوثِ كذا		
الإِلْيَةُ	الأَلْيَةُ		الإِلْيَةُ	الأَلْيَةُ		
إمارة الشيء	أمارة الشيء	(الإمارة): منصب الأمير، والأرض التي يملكها الأمير	إمارة الشيء	أمارة الشيء		
أمَلَ ب|أمل في	أمَلَ 	الفعل (أمَلَ) يتعدّى بنفسه	أمَلَ بفلان / في فلان	أمَلَ فلاناً		
تأَمَّل خيراً	أمَّل خيراً	(تأمَّل): تدبّر	تأَمَّل خيراً	أمَّل خيراً		
تأمين راحة	توفير راحة		لتأمين راحة المصطافين	لتوفير راحة المصطافين		
تأمين سِرِّية الاتصالات	تحقيق سِرِّية الاتصالات		لتأمين سِرِّية الاتصالات	لتحقيق سِرِّية الاتصالات		
الآنِفُ الذكرِ	المذكورُ آنِفاً	(الآنف): الماضي القريب	الكتابُ الآنِفُ الذكرِ	الكتابُ المذكورُ آنِفاً		
قام بأَوَدِه	عالَه | أَعالَه	(الأَوَد): الاعْوِجاج، (أقام أوَدَه): قَوّم اعوِجاجَه	قام بأَوَدِه	عالَه / أَعالَه		
لأولِ مرةٍ	أولَ مرةٍ		فلانٌ يغنـِّي لأولِ مرةٍ في حياته	فلانٌ يغنـِّي أولَ مرةٍ في حياته		
لأول وهلة	أول وهلة		يبدو ذلك غامضاً لأول وهلة	يبدو ذلك غامضاً أول وهلة		
هذه الآونة	هذا الأوان	(الآونة): جمع الأوان	في هذه الآونة من كلِّ صباح	في هذا الأوان من كلِّ صباح		
شهر إيلول	شهر أَيْلول		شهر إيلول	شهر أَيْلول		
هذا بئر	هذه بئرٌ	(البئر) اسمٌ مؤنث	هذا بئرٌ عميق	هذه بئرٌ عميقة		
استبدّيْتُ برأيي	استبدَدْتُ برأيي		استبدّيْتُ برأيي	استبدَدْتُ برأيي		
بادَرَ ل|بادر ب	بادَرَ إلى		بادَرَ لفِعلِ / بفعلِ الشيء	بادَرَ إلى فِعلِ الشيء		
البارحةَ ظُهراً	أمسِ ظُهراً	(البارحة): أقرب ليلةٍ مَضَت	لقيتُه البارحةَ ظُهراً	لقيتُه أمسِ ظُهراً		
بَرَشَ الصابونَ	بَشَرَ الصابونَ	(بَرِشَ الشيءُ): اختلف لونـُه	بَرَشَ الصابونَ	بَشَرَ الصابونَ		
عيد مبروك	عيد مبارك					
شيءٌ بسيط 	شيء قليل| شيء يسير	(أرض بسيطة): أرض منبسطة، مستوية. (ثوبٌ بسيط): مبسوط منشور.	شيءٌ بسيط 	شيء قليل / يسير		
رَجلٌ بسيط	رجلٌ غِرٌّ|رجل ساذَج |رجل مُغَفَّل	(رجلٌ بسيط): منبسط اللسان. (رجلٌ بسيط الوجه): إذا كان متهلّلاً منشرحاً. (رجلٌ بسيط اليدين): إذا كان كريماً مِسْماحاً	رَجلٌ بسيط	رجلٌ غِرٌّ / ساذَج / مُغَفَّل		
لا ينبغي عليك	لا ينبغي لك	(ما ينبغي لك): لا يليق بك، ولا يَحْسُن منك	لا ينبغي عليك	لا ينبغي لك		
ينبغي عليك ألاّ	يجب عليك ألاّ		ينبغي عليك ألاّ تكذب	يجب عليك ألاّ تكذب		
تَبَلَّغَ فلانٌ الأمرَ	أُبْلِغَ فلانٌ الأمرَ |بُلِّغَ فلانٌ الأمرَ	(تبلّغَ بالقليل): اكتفى به وقَنِع	تَبَلَّغَ فلانٌ الأمرَ	أُبْلِغَ فلانٌ الأمرَ / بُلِّغَ فلانٌ الأمرَ		
بما أن	لما كان	بما أنّ ... تركيب دخيل على العربية	بما أنّ... فإنّ ...	لمّا كان ... فإنّ ...		
ضوءٌ مُبْهِرٌ	ضوءٌ باهِرٌ	(أبْهَرَ الرجلُ): جاء بالعَجَب	ضوءٌ مُبْهِرٌ	ضوءٌ باهِرٌ		
بينما كان	حين كان		رأيتُه... بينما كان يهمّ بالخروج	رأيتُه... حين كان يهمّ بالخروج		
تبع ل	تبع		هذه الإدارةُ تَتْبَعُ لـوزارة كذا	هذه الإدارةُ تَتْبَعُ وزارةَ كذا		
تاجَرَ ب	اتَّجر في	(تاجَرَ فلانٌ فلاناً): اتَّجَرَ معه	تاجَرَ بكذا	اتَّجر في كذا		
التسعينات	التسعينيات	(تسعينات) جمعُ (تسعين)، أما (تسعينيات) فتعني السنوات المنسوبة إلى التسعين، أي الدالة على سنوات عَقْدٍ يبدأ بسنة تسعين وينتهي بسنة تسع وتسعين	في التسعينات من القرن الماضي	في التسعينيات من القرن الماضي		
شهر تشرين أول	شهر تشرين الأول		شهر تشرين أول	شهر تشرين الأول		
شهر تشرين ثان|شهر تشرين ثاني	شهر تشرين الثاني		شهر تشرين ثان / ثاني	شهر تشرين الثاني		
وبالتالي	لذا|ف| ومن ثمّ		قاتل بشجاعة وبالتالي استحقَّ الثناء	قاتل بشجاعة فاستحقَّ الثناء		
#وبالتالي	ومن ثمّ		سعيد أكبر من خالد، وبالتالي ...	سعيد أكبر من خالد، ومِن ثـَمّ ...		
وبالتالي فإن	لذا فإن		وبالتالي فإن حساسية القياس ...	لذا فإن حساسية القياس ...		
سيتم|تم|تمت		(تـَمّ): صار تامّاً وكَمُل	سيَتِمُّ تحديدُ موعدِ الاجتماعِ لاحقاً 	سَيُحَدّدُ موعدُ الاجتماعِ لاحقاً		
الثلاثينات	الثلاثينيات	(ثلاثينات) جمعُ (ثلاثين)، أما (ثلاثينيات) فتعني السنوات المنسوبة إلى الثلاثين، أي الدالة على سنوات عَقْدٍ يبدأ بسنة ثلاثين وينتهي بسنة تسع وثلاثين	في الثلاثينات من القرن الماضي	في الثلاثينيات من القرن الماضي		
شرابٌ مُثـَلَّجٌ	شرابٌ مَثـْلُوجٌ		شرابٌ مُثـَلَّجٌ	شرابٌ مَثـْلُوجٌ		
الثمانينات	الثمانينيات	(ثمانينات) جمعُ (ثمانين)، أما (ثمانينيات) فتعني السنوات المنسوبة إلى الثمانين، أي الدالة على سنوات عَقْدٍ يبدأ بسنة ثمانين وينتهي بسنة تسع وثمانين	في الثمانينات من القرن الماضي	في الثمانينيات من القرن الماضي		
في ثناياه	في أثنائه|في تضاعيفه|في طياته|في أطوائه |في مطاويه		يَحمل في ثناياه كلَّ خير	يَحمل في أثنائه / تضاعيفه / طياته / أطوائه / مطاويه كلَّ خير		
بمثابَةِ	بمَنْزِلة| تقوم مقام| تسد مسد|ك	(المثابة): الموضع الذي يُرْجَعُ إليه، والجزاء، والثواب	أنتَ بمثابَةِ أبي	أنتَ بمَنْزِلة أبي		
#بمثابَةِ	تقوم مَقام		هذه الأداة هي بمثابة حاسوب	هذه الأداة تقوم مَقام حاسوب		
#بمثابَةِ	تَسُدّ مَسَدّ		هذه الأداة هي بمثابة حاسوب	هذه الأداة تَسُدّ مَسَدّ حاسوب		
#بمثابَةِ	ك		وكانت له هذه المُرضِع بمثابة الأم	وكانت له هذه المُرْضِع كالأم		
الضرائبُ المُجْبَاةُ 	الضرائبُ الـمَجْبـِيَّةُ	الفعل هو: (جَبَى)، لا: (أجْبَى)	الضرائبُ المُجْبَاةُ 	الضرائبُ الـمَجْبـِيَّةُ		
كلامٌ جَذْلٌ	كلامٌ جَزْلٌ		كلامٌ جَذْلٌ	كلامٌ جَزْلٌ		
جَرَدَ لونُ القميص	نـَصَلَ لون القميص	(جَرِدَ الثوبُ): أَخْلَق. (جَرَد): قَشَر	جَرَدَ لونُ القميص	نـَصَلَ لونـُه		
جُمَادَى الثاني| جمادى الثانية 	جُمَادَى الآخِرَة		جُمَادَى الثاني / الثانية 	جُمَادَى الآخِرَة		
جنوبيَّ	جنوبَ	(جنوبيّ المدينة): في الجهة الجنوبية داخل المدينة. (جنوب المدينة): في الجهة الجنوبية خارج المدينة 	تقع دمشقُ جنوبيَّ حلب	تقع دمشقُ جنوبَ حلب		
أجاب على	أجاب عن | أجاب إلى السؤال		أجاب على السؤال	أجاب عن / إلى السؤال		
تَحابَبَ الناسُ	تَحابَّ الناسُ		تَحابَبَ الناسُ	تَحابَّ الناسُ		
حتى أنه لم	حتى إنه لم		حتى أنه لم يفهمْ كلامِي	حتى إنه لم يفهمْ كلامِي		
إلى حدّ كبير عن	إلى حدّ بعيد عن		يختلف البحث إلى حدّ كبير عن...	يختلف البحث إلى حدّ بعيد عن...		
إلى أكبر حدّ	إلى أبعد حدّ		ذَهَبَ إلى أكبر حدّ	ذَهَبَ إلى أبعد حدّ		
احتذى ب	احتذى مثالَ 		احتذيتُ بـفلان	احتذيتُ مثالَ فلان		
حَرَاجَةُ الموقف	حَرَجُ الموقف 		حَرَاجَةُ الموقف	حَرَجُ الموقف 		
شهر مُحَرَّم	شهر الْمُحَرَّم		في شهر مُحَرَّم	في شهر الْمُحَرَّم		
تَحَسُّباً من كل طارئ	تَحَسُّباً لكل طارئ		تَحَسُّباً من كل طارئ	تَحَسُّباً لكل طارئ		
الأَحْسَنُ مِن هذا	أَحْسَنُ مِن هذا		الأَحْسَنُ مِن هذا فِعْلُ كذا	أَحْسَنُ مِن هذا فِعْلُ كذا		
وهو الأَحْسَنُ مِن	وهو أَحْسَنُ مِن	أفعل التفضيل المحلّى بـ (أل) لا يجوز فيه ذكر (مِن) مع المفضَّل عليه	وهو الأَحْسَنُ مِن كلِّ هذا	وهو أَحْسَنُ مِن كلِّ هذا		
تَحَصَّلَ على	حَصَلَ على	(تـَحَصَّل الشيءُ): تَجَمَّعَ وثبت	تَحَصَّلَ على الشيءِ	حَصَلَ على الشيءِ		
الحَصْوَةُ	الحَصَاةُ		الحَصْوَةُ	الحَصَاةُ		
عملٌ مُحِطٌّ بشرفه	عملٌ حاطٌّ بشرفه	الفعل هو: (حَطَّ)، لا: (أحَطَّ)	عملٌ مُحِطٌّ بشرفه	عملٌ حاطٌّ بشرفه		
تَحَقَّقَ من الخبرِ	تَحَقَّقَ الخبرَ		تَحَقَّقَ فلانٌ من الخبرِ	تَحَقَّقَ فلانٌ الخبرَ		
تَحَكَّمَ ب	تَحَكَّمَ في		تَحَكَّمَ بالشيءِ	تَحَكَّمَ في الشيءِ 		
حكايا	حكايات		حكايا	حكايات		
حَلَّ في	حَلّ ب|حَلّ 		حَلَّ في منْزلنا	حَلّ بمنْزلنا / حَلّ منْزلَنا		
مَحَلاَّت 	مَحَالّ	(مَحَلاَّت) جَمْعُ (مَحَلَّة)، لا جَمْع (مَحَلّ)	مَحَلاَّت 	مَحَالّ		
تَحَمَّمَ	استَحَمَّ	(تَحَمَّمَ): اسودَّ	تَحَمَّمَ فلانٌ 	استَحَمَّ فلانٌ		
حَنـَايَا صدْرِهِ	أَحْنـَاءُ صدْرِهِ	(الحَنِيَّة): القوس، جمعها: حنايا.  (الحِنـْوُ): كُلّ ما فيه اعوجاج، كالضِّلع، جمعها: أحناء	امتلأتْ حَنـَايَا صدْرِهِ	امتلأتْ أَحْنـَاءُ صدْرِهِ		
أَحْنـَى رأسَهُ	حَنـَى رأسَهُ	(أَحْنـَى عليه): عطف عليه	أَحْنـَى رأسَهُ	حَنـَى رأسَهُ		
ما أَحْوَجَنا له	ما أَحْوَجَنا إليه		ما أَحْوَجَنا له	ما أَحْوَجَنا إليه		
حَازَ على	حَازَ		حَازَ على جوائز كثيرة	حَازَ جوائزَ كثيرة		
أَحَاطَهُ عِلْماً	أَعْلَمَهُ	(أحاط) فعلٌ لازم	أَحَاطَهُ عِلْماً	أَعْلَمَهُ		
أُحِيطُكم علماً	أُعْلِمُكم		أُحِيطُكم علماً بكذا	أُعْلِمُكم بكذا 		
أُحِيطُكم علماً	أرجو أن تحيطوا علماً		أُحِيطُكم علماً بكذا	أرجو أن تحيطوا علماً بكذا		
حَوافُّ الأنهار	حافاتُ الأنهار|حَوافِي الأنهار		حَوافُّ الأنهار	حافاتُ / حَوافِي الأنهار		
ثوبٌ مُحَاكٌ	ثوبٌ مَحُوكٌ |ثوب مَحِيكٌ	الفعل هو: (حاك)، لا: (أحاك)	ثوبٌ مُحَاكٌ	ثوبٌ مَحُوكٌ / مَحِيكٌ		
دراسات حول	دراسات في		دراسات حول اللغة	دراسات في اللغة		
تقرير حول	تقرير عن		تقرير حول الجلسة	تقرير عن الجلسة		
آراء حول	آراء في		آراء القراء حول الكتاب	آراء القراء في الكتاب		
توضيحٌ حول	توضيحُ| توضيحٌ ل		توضيحٌ حول فتوى ...	توضيحُ فتوى ... / توضيحٌ لفتوى ...		
ملاحظات حول	ملاحظات على| تعقيب يتعلق ب|استدراك حول		ملاحظات حول الأسباب ...	ملاحظات على الأسباب ...		
#ملاحظات حول	تعقيب يتعلق ب		ملاحظات حول الأسباب ...	تعقيب يتعلق بالأسباب ...		
#ملاحظات حول	استدراك على		ملاحظات حول الأسباب ...	استدراك على الأسباب...		
إرشادات حول	إرشادات ذات صلة | إرشادات تتعلق ب		إرشادات حول كذا ...	إرشادات ذات صلة / تتعلق بكذا...		
حَوَى على	حَوَى		حَوَى على قطعٍ أثرية	حَوَى قطعاً أثرية		
احْتَارَ في	حَارَ | تحيَّر في		احْتَارَ في أمرِهِ	حَارَ / تحيَّر في أمرِهِ		
خارِطَة	مصوَّر |خَرِيطَة		خارِطَة	مصوَّر / خَرِيطَة		
خزينةُ الدولة	خِزانةُ الدولة		خزينةُ الدولة	خِزانةُ الدولة		
أَخِصَّائِيٌّ| إخْصائِيّ	مُتَخَصِّصٌ| مُخْتَصٌّ		فلانٌ أَخِصَّائِيٌّ / إخْصائِيّ	فلانٌ مُتَخَصِّصٌ / مُخْتَصٌّ		
اختصاصيّ	مُتَخَصِّصٌ|مُخْتَصٌّ		فلانٌ اختصاصيّ	فلانٌ مُتَخَصِّصٌ / مُخْتَصٌّ		
خِصِّيصاً	خِصِّيصَى|خاصاً		فَعَلَهُ خِصِّيصاً لك	فَعَلَهُ خِصِّيصَى لك / فَعَلَهُ خاصاً بك		
حَسَنُ الخَصَائِل	حَسَنُ الخِصَال	(الخصائل) جمع خصيلة، وهي القطعة من اللحم	فلانٌ حَسَنُ الخَصَائِل	فلانٌ حَسَنُ الخِصَال		
الخُضارَ|الخُضْرَوات	الخُضَر| الخَضْراوات		يُحبّ الخُضارَ / الخُضْرَوات	يُحبّ الخُضَر / الخَضْراوات		
أَخْطَأَ عنِ الصواب	أَخْطَأَ الصوابَ		أَخْطَأَ عنِ الصوابِ	أَخْطَأَ الصوابَ		
أَخْطَأْتُ مع	أَخْطَأْتُ على	أخطأتُ مع فلان = أخطأ فلانٌ وأخطأتُ معه	أَخْطَأْتُ مع فلان 	أَخْطَأْتُ على فلان		
ألقى عليهم خِطاباً |ألقى خطابا	ألقى عليهم خُطْبَةً | ألقى خُطبة	(الخِطاب): ما يكلم به الرجلُ صاحِبَهُ	ألقى عليهم خِطاباً 	ألقى عليهم خُطْبَةً 		
خَطِير |ذو خُطُورَة 	يُنْذِرُ  بالخطر |محفوف بالْخَطَر|شديد الخطر	(الخطير): الرفيعُ المقام. (الخطورة): عِظَمُ الشَّأْن والمنزلة	موقفٌ خَطِير / ذو خُطُورَة 	موقفٌ يُنْذِرُ / محفوف بالْخَطَر		
#خَطِير | ذو خُطُورَة 	شَديدُ الْخَطَر	(الخطير): الرفيعُ المقام. (الخطورة): عِظَمُ الشَّأْن والمنزلة	موقفٌ خَطِير / ذو خُطُورَة 	موقفٌ شَديدُ الْخَطَر		
أَخْطَرَ ب	أنْذَر ب		أَخْطَرَهُ بكذا 	أنْذَرَهُ بكذا		
كثيرةُ المَخاطِر	كثيرةُ الأخْطار		أرضٌ كثيرةُ المَخاطِر	أرضٌ كثيرةُ الأخْطار		
أَخْلَفَ بوعدِهِ 	أَخْلَفَ وعدَهُ		أَخْلَفَ بوعدِهِ 	أَخْلَفَ وعدَهُ		
اخْتَلَفُوا على	اخْتَلَفُوا في		اخْتَلَفُوا على الأمرِ	اخْتَلَفُوا في الأمرِ		
خَلُوقٌ	حَسَنُ الخُلُق	(الخَلُوق): الطِّيب	فلانٌ خَلُوقٌ	فلانٌ حَسَنُ الخُلُق		
#من خلال	بناءً على		لا يمكن -من خلال هذا- الادعاءُ بأن...	لا يمكن -بناءً على هذا- الادعاءُ أن / بأن...		
من خلال	بناءً على|استناداً إلى|من|نتيجة		لا يمكن -من خلال هذا- الادعاءُ بأن...	لا يمكن -استناداً إلى هذا- الادعاءُ أن / بأن...		
#من خلال	من		تأكد لفلان من خلال أعماله أن..	تأكد لفلان من أعماله أن...		
#من خلال	نتيجةَ		تأكد لفلان من خلال أعماله أن..	تأكد لفلان نتيجة أعماله أن...		
هاتف خليَوِيّ	هاتف خَلَوِيّ		هاتف خليَوِيّ	هاتف خَلَوِيّ		
اخْتَلَى بها 	خَلا بها | خلا إليها |خلا معها	(اختلى البقلَ): احتشَّه؛ أي: انتزعه	اخْتَلَى بها 	خَلا بها / إليها / معها		
أخْلَوْا السكانَ من المنْزل	أخْلَوْا المنْزلَ من السكان|أجْلَوْا السكانَ من المنْزل	(الإخلاء) يكون للمنزل لا للسكان, و(الإجلاء) يكون للسكان	أخْلَوْا السكانَ من المنْزل	أخْلَوْا المنْزلَ من السكان		
#أخْلَوْا السكانَ من المنْزل	أجْلَوْا السكانَ من المنْزل	(الإخلاء) يكون للمنزل لا للسكان, و(الإجلاء) يكون للسكان	أخْلَوْا السكانَ من المنْزل	أجْلَوْا السكانَ من المنْزل		
الخمّارة 	الْمَخْمَرَة | الحانة	(الخمّارة): بائعةُ الخمر	الخمّارة 	الْمَخْمَرَة / الحانة		
ضَرَبَ أخْماساً بأسداس 	ضَرَبَ أخْماساً لأسداس 	مثلٌ يُضربُ لِمَن يسعى في المكرِ والخَديعة	ضَرَبَ أخْماساً بأسداس 	ضَرَبَ أخْماساً لأسداس 		
الخمسينات	الخمسينيات	(خمسينات) جمعُ (خمسين)، أما (خمسينيات) فتعني السنوات المنسوبة إلى الخمسين، أي الدالة على سنوات عَقْدٍ يبدأ بسنة خمسين وينتهي بسنة تسع وخمسين	في الخمسينات من القرن الماضي	في الخمسينيات من القرن الماضي		
خَوَّلَ إليه الأمرَ	خَوَّلَهُ الأمرَ		خَوَّلَ إليه الأمرَ	خَوَّلَهُ الأمرَ		
ثوبُ مُخَاطٌ	ثوبُ مَخِيطٌ	الفعل هو: (خاط)، لا: (أخاط)	هذا الثوبُ مُخَاطٌ في المصنع	هذا الثوبُ مَخِيطٌ في المصنع		
نـَصْلٌ مُدَبَّبٌ	نـَصْلٌ مُذَبَّب |نصل حادٌّ	(دَبَّبَهُ): جَعَلَهُ يَدِبّ	نـَصْلٌ مُدَبَّبٌ	نـَصْلٌ مُذَبَّب / حادٌّ		
لا دَخْلَ لك	لا علاقة لك 		لا دَخْلَ لك في هذا	لا علاقة لك بهذا		
دَعَسَ على	دَعَسَ		دَعَسَ عليه	دَعَسَهُ		
مكانٌ دافِئٌ 	مكانٌ دَفِيءٌ |مكان دَفِئٌ		مكانٌ دافِئٌ 	مكانٌ دَفِيءٌ / دَفِئٌ		
دقَّ على الباب 	دقَّ البابَ 		دقَّ على الباب 	دقَّ البابَ 		
بساط داكن |سجادة داكنة 	بساط أدْكن |سجادة دَكْناء 		بساط داكن / سجادة داكنة 	بساط أدْكن / سجادة دَكْناء 		
دَلَفَ السقفُ	وَكَفَ السقفُ	(دَلَفَ الشيخُ): مشى مَشْياً بَطيئاً كمَن يَزحَف	دَلَفَ السقفُ	وَكَفَ السقفُ		
مرتبة أدنى	مرتبة دنيا		في المرتبة الأدنى	في المرتبة الدنيا		
دَهَسَتْهُ السيارةُ	دَعَسَتْهُ السيارةُ		دَهَسَتْهُ السيارةُ	دَعَسَتْهُ السيارةُ		
مُنْدَهِش	دَهِشٌ |مدهوش		فلانٌ مُنْدَهِش	فلان دَهِشٌ / مدهوش		
داهَمَنا العدوُّ 	دَهَمَنا العدوُّ		داهَمَنا العدوُّ 	دَهَمَنا العدوُّ		
والأدهى من ذلك أن	والأدهى أن|وأدهى من ذلك أن	أفعل التفضيل إذا دخلت عليه [أل] لا تلحقه [من]	والأدهى من ذلك أن...	والأدهى أن.. / وأدهى من ذلك أن..		
مدراءُ المدارسِ	مُديرو المدارس		اجتمع مدراءُ المدارسِ	اجتمع مُديرو المدارس		
داس على	داس		داس عليه	داسه		
تداول القومُ في	تداولَ القومُ	(تداولوا الشيءَ): أخذه هؤلاء مرة، وأولئك أخرى	تداول القومُ في الشيء 	تداولَ القومُ الشيءَ 		
الدَّوْلتانِ الأعظَمُ	الدَّوْلتانِ العُظْمَيانِ	الصفة تتبع موصوفها في الإفراد والتثنية والجمع	الدَّوْلتانِ الأعظَمُ	الدَّوْلتانِ العُظْمَيانِ		
دَاوَلَهُ في الأمرِ	شـَاوَرَهُ في الأمر|باحثـَه في الأمرِ	(داوَل الشيءَ بينهم): جعله متداولاً، تارة لهؤلاء وتارة لهؤلاء	دَاوَلَهُ في الأمرِ	شـَاوَرَهُ / باحثـَه في الأمرِ		
هكذا أشياء	مثل هذه الأشياء	هكذا = (ها) التنبيه + كاف التشبيه + (ذا) اسم إشارة	إن هكذا أشياء	إن مثل هذه الأشياء		
ذاتا مكانة	ذواتا مكانة	(ذاتا) لا تصح إلا في الشعر	هاتان المرأتان ذاتا مكانةٍ عالية	هاتان المرأتان ذواتا مكانةٍ عالية		
حلقت ذقَنه|حلق ذقنه	حلقتُ لِحيتي|حلق لحيته	(الذقَن): مجتمع اللَّحْيَيْن من أسفلهما. (اللِّحية): شعر الخدَّين والذقَن	حلقتُ ذقَني	حلقتُ لِحيتي		
ذَكَرَ بأن	ذَكَرَ أن		ذَكَرَ بأنه مريض	ذَكَرَ أنه مريض		
انْذَهَلَ	ذَهِلَ		انْذَهَلَ فلانٌ	ذَهِلَ فلانٌ		
وقف مذهولاً	وقف ذاهِلاً |وقف مدهوشاً		وقف مذهولاً لا يدري ما يفعل	وقف ذاهِلاً / مدهوشاً لا يدري ما يفعل		
هؤلاء ذو	هؤلاء ذوُو		هؤلاء ذو أنْفُسٍ أبـِيَّة	هؤلاء ذوُو أنْفُسٍ أبـِيَّة		
ترأَّسَ الوزيرُ اللجانَ	ترأَّسَ الوزيرُ على اللجان|رَأَسَ الوزيرُ اللجانَ		ترأَّسَ الوزيرُ اللجانَ	ترأَّسَ الوزيرُ على اللجان		
#ترأَّسَ الوزيرُ اللجانَ	رَأَسَ الوزيرُ اللجانَ	(ترأَّسَ) فعلٌ لازم	ترأَّسَ الوزيرُ اللجانَ	رَأَسَ الوزيرُ اللجانَ		
رئيف	رؤوف		كان خالدٌ رئيفاً بصاحبه	كان خالدٌ رؤوفاً بصاحبه		
رَبَّتَ على ظَهْره	رَبَّتَ ظَهْرَه		رَبَّتَ على ظَهْره	رَبَّتَ ظَهْرَه		
تَرَبَّصَ ل	تَرَبَّصَ ب		تَرَبَّصَ لفلان	تَرَبَّصَ بفلان		
كالشمس في رابعَةِ النهار 	كالشمس في رائِعَةِ النهار 		كالشمس في رابعَةِ النهار 	كالشمس في رائِعَةِ النهار 		
شهر ربيع أول	شهر ربيع الأول		شهر ربيع أول	شهر ربيع الأول		
شهرُ ربيع ثاني |شهر ربيع الثاني	شهر ربيعٍ الآخِر		شهرُ ربيع ثاني / الثاني	شهر ربيعٍ الآخِر		
الأربعينات	الأربعينيات	(أربعينات) جمعُ (أربعين)، أما (أربعينيات) فتعني السنوات المنسوبة إلى الأربعين، أي الدالة على سنوات عَقْدٍ يبدأ بسنة أربعين وينتهي بسنة تسع وأربعين	في الأربعينات من القرن الماضي	في الأربعينيات من القرن الماضي		
يَتَرَتّب عن	يَتَرَتّب على		يَتَرَتّب عن اجتهاد الطالب نجاحُه	يَتَرَتّب على اجتهاد الطالب نجاحُه		
أغلق الباب بالرِّتَاج	أغلق الباب بالمِرْتَاج	(الرِّتاج): الباب	أغلق الباب بالرِّتَاج	أغلق الباب بالمِرْتَاج		
وضع الرُّتـُوش الأخير	وضع اللمسة الأخيرة		وضع الرُّتـُوش الأخير	وضع اللمسة الأخيرة		
رَتا الثوب|رَثا الثوبَ 	رَفا الثوب|رَفأَ الثوبَ	(رَتا الرجُلُ): خـَطَا. (رَثاه): بَكاهُ وعَدَّدَ مَحاسِنـَه	رَتا / رَثا الثوبَ 	رَفا / رَفأَ الثوبَ		
رَدَحاً قصيراً	زَمَناً قصيراً 		أقام رَدَحاً قصيراً من الزمن	أقام زَمَناً قصيراً 		
تَرَدَّدَ على	تَرَدَّدَ إلى		تَرَدَّدَ على المكتبة	تَرَدَّدَ إلى المكتبة		
رُزِقَ بولدٍ	رُزِقَ ولداً	الفعل (رَزَقَ) يتعدى بنفسه إلى مفعولين	رُزِقَ فلانٌ بولدٍ	رُزِقَ فلانٌ ولداً		
رُسُومَات 	رُسُوم | أَرْسُم		رُسُومَات 	رُسُوم / أَرْسُم		
رَشَيْتُ فلاناً	رَشَوْتُ فلاناً		رَشَيْتُ فلاناً	رَشَوْتُ فلاناً		
رَضَخَ لمشيئته	خَضَعَ لمشيئته| أَذْعَنَ لمشيئته|عَنـَا لمشيئته	(رَضَخَ الشيءَ): كَسَرَه	رَضَخَ لمشيئته	خَضَعَ / أَذْعَنَ / عَنـَا لمشيئته		
رَغْبَةٌ شديدة ل	رَغْبَةٌ شديدة في		لديه رَغْبَةٌ شديدة للكتابة	لديه رَغْبَةٌ شديدة في الكتابة		
رَغْبَةٌ شديدة ل	رَغْبَةٌ شديدة ب		لديه رَغْبَةٌ شديدة للكتابة	لديه رَغْبَةٌ شديدة بالكتابة		
رَغْمَ 	على الرغْم | بالرغْم|على|مع		يحبُّها رَغْمَ كُرْهِها له 	يحبها على الرغْم / بالرغْم من كرهها له		
#رَغْمَ 	على| مع		يحبُّها رَغْمَ كُرْهِها له 	يحبها على / مع كرهها له		
رُفاة	رُفاتُ	(رفات) اسمٌ مفردٌ مذَّكر	نـُقِلَتْ رُفاة الجندي	نـُقِلَ رُفاتُ الجندي		
رَفاهُ العيش|رَفَاهِيَّةُ العيش 	رفاهِيَةُ العيش		رَفاهُ / رَفَاهِيَّةُ العيش 	رفاهِيَةُ العيش		
بالرَّفاهِ والبنين	بالرِّفاء والبنين		بالرَّفاهِ والبنين	بالرِّفاء والبنين		
يُرَوِّجُ ل	يُرَوِّجُ		جعل فلانٌ يُرَوِّجُ لأفكاره	جعل فلانٌ يُرَوِّجُ أفكارَه		
تَتَرَاوَحُ أعمارُهم من 	تقع أعمارُهم بين		تَتَرَاوَحُ أعمارُهم من السابعة إلى العاشرة	تقع أعمارُهم بين السابعة والعاشرة		
أحداثٌ مُريعة	أحداثٌ مُرَوِّعة		أحداثٌ مُريعة	أحداثٌ مُرَوِّعة		
تَرُوقُ ل	تَرُوقُ	الفعل (راق) يتعدى بنفسه	كُـتُبٌ تَرُوقُ للقارئ	كُتُبٌ تَرُوقُ القارئَ		
أرضٌ مَرْوِيَّةٌ	أرضٌ مُرْواةٌ |أرض مُرَوَّاةٌ		أرضٌ مَرْوِيَّةٌ	أرضٌ مُرْواةٌ / مُرَوَّاةٌ		
ارْتابَ من	ارْتابَ في		ارْتابَ من الأمرِ	ارْتابَ في الأمرِ		
زَحَفَ على	زَحَفَ إلى	وتقول: (الصبيُّ يَزحفُ على الأرض)، للإشارة إلى المكان الذي جرى الزحف فوقه 	زَحَفَ الجيشُ على المدينة	زَحَفَ الجيشُ إلى المدينة		
زَخَّةٌ من المطر	دُفْعَةٌ من المطر	ليس من معاني (الزخـّة) الدُّفعة	زَخَّةٌ من المطر	دُفْعَةٌ من المطر		
ازْدَرَى ب	ازْدَرَى		ازْدَرَى بالشيء	ازْدَرَى الشيءَ		
الزَّعْتَر	السَّعْتَر | الصَّعْتَر		يُحبّ الزَّعْتَر	يُحبّ السَّعْتَر / الصَّعْتَر		
زعم بـأن	زعم أن		زعم بـأنه صادق	زعم أنه صادق		
زُفَّتْ العروسُ على زوجها	زُفَّتْ العروسُ إلى زوجها		زُفَّتْ العروسُ على زوجها	زُفَّتْ العروسُ إلى زوجها		
زفافِ العروسين	زواجِ العروسين	(الزفاف): إهداء العروس إلى زوجها	تهنئةٌ بزفافِ العروسين	تهنئةٌ بزواجِ العروسين		
زَهِدَ ب	زَهِدَ في		زَهِدَ بالشيء 	زَهِدَ في الشيء		
بلدٌ مُزَار	بلدٌ مَزُور	الفعل هو: (زار)، لا: (أزار)	هذا بلدٌ مُزَار	هذا بلدٌ مَزُور		
السبعينات	السبعينيات	(سبعينات) جمعُ (سبعين)، أما (سبعينيات) فتعني السنوات المنسوبة إلى السبعين، أي الدالة على سنوات عَقْدٍ يبدأ بسنة سبعين وينتهي بسنة تسع وسبعين	في السبعينات من القرن الماضي	في السبعينيات من القرن الماضي		
مُسْبَقاً	سابقاً | سَلَفاً | قَبْلاً|مُقدّمًا 	(أسبَقَ إلى الأمر): بادر، وهو فعل لازم يتعدى بـ (إلى)	فَعَلَ ذلك مُسْبَقاً	فَعَلَ ذلك سابقاً / سَلَفاً / قَبْلاً 		
#مسبقاً 	مقدَّماً		لا ترتجلْ محاضرتك! حضِّرها مسبقاً 	لا ترتجلْ محاضرتك! حضِّرها مقدَّماً		
سبق وذكرنا	سبق أن ذكرنا		سبق وذكرنا...	سبق أن ذكرنا...		
الستينات	الستينيات	(ستينات) جمعُ (ستين)، أما (ستينيات) فتعني السنوات المنسوبة إلى الستين، أي الدالة على سنوات عَقْدٍ يبدأ بسنة ستين وينتهي بسنة تسع وستين	في الستينات من القرن الماضي	في الستينيات من القرن الماضي		
تستَّرَ على	سَتَرَ على 	(تستَّرَ): احتجب	تستَّرَ فلانٌ على فلان 	سَتَرَ فلانٌ على فلان		
سَحَبَ شكوى	اسْتَرَدَّ شكوى	(سحب الشيءَ): جَرَّهُ على وجه الأرض	سَحَبَ شكواه	اسْتَرَدَّ شكواه 		
أُطْلِقَ سراح| فُكَّ سَراحُ	أُطْلِقَ من أَسْرِهِ/ خٌلِّيَ سبيلُ		أُطْلِقَ / فُكَّ سَراحُهُ	أُطْلِقَ من أَسْرِهِ/ خٌلِّيَ سبيلُهُ		
سَرَّعَ العملَ 	أسرَعَ العملَ		سَرَّعَ العملَ 	أسرَعَ العملَ		
يَسْرِي الحُكْمُ من 	يَنْفُذُ الحُكْمُ من	(سرى): سار ليلاً، دبّ تحت الأرض	يَسْرِي الحُكْمُ من أول الشهر	يَنْفُذُ الحُكْمُ من أول الشهر		
أَسْطِحَة 	سُطُوح | أسْطُح		أَسْطِحَة 	سُطُوح / أسْطُح		
أسْعَفَهُ إلى المستشفى	حَمَلَهُ إلى المستشفى	(أسعَفَ فلاناً بحاجته): قضاها له	أسْعَفَهُ إلى المستشفى	حَمَلَهُ إلى المستشفى		
كيلو واط ساعي	كيلو واط ساعة		كيلو واط ساعي	كيلو واط ساعة		
أَسْقِفَة 	سُقُوف | أسْقُف| سُقُف		أَسْقِفَة 	سُقُوف / أسْقُف / سُقُف		
اسْتَلَمَ الرسالةَ	تَسَلَّمَ الرسالةَ	(الاستلام) خاص بالحجر الأسود	اسْتَلَمَ الرسالةَ	تَسَلَّمَ الرسالةَ		
سلّمتُه الرسالةَ	سلّمتُ إليه الرسالةَ	(سلّم) يتعدى إلى مفعول لا إلى مفعولين	سلّمتُه الرسالةَ	سلّمتُ إليه الرسالةَ		
شريعةٌ سَمْحَاء 	شريعةٌ سَمْحَةٌ	(سمحاء) مؤنث (أَسْمَح)، لم تقلهما العرب	شريعةٌ سَمْحَاء 	شريعةٌ سَمْحَةٌ		
اسْتَنـَدَ على	استند إلى		اسْتَنـَدَ على الشيء 	استند إلى الشيء		
أَسْيَادُ القوم	سَادَةُ القوم		هم أَسْيَادُ القوم	هم سَادَةُ القوم		
سَادَ على	سَادَ	الفعل (ساد) يتعدى بنفسه	سَادَ على قومِه	سَادَ قومَه		
سوف لن |سوف لا	لن |لا	(سوفَ) لا تدخل إلا على الفعل المُثـْبـَت	سوف لن يذهب / سوف لا يذهب	لن يذهب 		
سِواقةُ السيارات	سياقةُ السيارات		سِواقةُ السيارات	سياقةُ السيارات		
سوى ب	بسوى		لا تستعن سوى بالله 	لا تستعن بسوى الله 		
سوى على	على سوى	(سوى) و(غير) تضافان إلى الاسم. ويعرب الاسم بعدهما مضافاً إليه دائماً، ويكون مفرداً؛ أي: ليس جملة ولا شبهها	لم أحصل سوى على كتاب واحد	لم أحصل على سوى كتاب واحد		
سوى أنا |سوى نحن	سواي| سوانا		لم يحضر سوى أنا / نحن	لم يحضر سواي / سوانا		
سويَّةً عالية	مرتبةً عالية| درجةً عالية		بلغ الإنتاجُ سويَّةً عالية	بلغ الإنتاجُ مرتبةً / درجةً عالية		
سويّة الطلاب	مستوى الطلاب		يجب رفع سويّة الطلاب	يجب رفع مستوى الطلاب		
سيّما	لا سيّما		سأحقِّقُ ما تريد سيّما..	سأحقِّقُ ما تريد ولا سيّما../سأحقِّقُ ما تريد لا سيّما..		
السُّوَّاح 	السُّيَّاح	سَاحَ يَسِيحُ، لا: يَسُوح	السُّوَّاح 	السُّيَّاح		
مَشْبُوهٌ | مَشْبُوهٌ فيه	مُشْتَبَهٌ فيه		فلانٌ مَشْبُوهٌ / مَشْبُوهٌ فيه	فلان مُشْتَبَهٌ فيه		
شُحِنـَتِ البضاعةُ إلى السفينة	حُمِلَتْ البضاعةُ إلى السفينة| نُقِلَتْ البضاعةُ إلى السفينة	(شُحِنت السفينةُ بالبضاعة): مُلِئت بالبضاعة	شُحِنـَتِ البضاعةُ إلى السفينة	حُمِلَتْ / نُقِلَتْ البضاعةُ إلى السفينة		
نـَظَرَ إليه شَذْراً	نـَظَرَ إليه شَزْراً	(الشـَّذْر): صغار اللؤلؤ، واحدته: شـَذْرَة	نـَظَرَ إليه شَذْراً	نـَظَرَ إليه شَزْراً		
شَرَعَ ب	شرع في		شَرَعَ بالأمر 	شرع في الأمر		
شـَارَفَ على الانتهاءِ	شـَارَفَ الانتهاءَ|أَشـْرَفَ على الانتهاء	(شارف) فعلٌ متعدٍّ بنفسه	شـَارَفَ على الانتهاءِ	شـَارَفَ الانتهاءَ/أَشـْرَفَ على الانتهاء		
المشرف اللغوي ل	المشرف اللغوي على		المشرف اللغوي للبرنامج	المشرف اللغوي على البرنامج		
شـَارَكَهُ 	شـَارَكَهُ في	(شارك) فعلٌ متعدٍّ إلى مفعول واحد	شـَارَكَهُ العملَ	شـَارَكَهُ في العملِ		
كثير الشـَّرَاهَةِ	كثير الشـَّرَه		فلانٌ كثير الشـَّرَاهَةِ إلى الطعام 	فلانٌ كثير الشـَّرَه إلى الطعام 		
شـَعَّتِ الشمسُ	أَشـَعَّتِ الشمسُ	(شعَّ): تفرَّق وانتشر	شـَعَّتِ الشمسُ	أَشـَعَّتِ الشمسُ		
شـَفُوقٌ على	شـَفِيقٌ على		فلانٌ شـَفُوقٌ على ابنه	فلانٌ شـَفِيقٌ على ابنه		
شـَكَّ ب	شـَكَّ في		شـَكَّ بأمانتِه 	شـَكَّ في أمانته 		
بشكل أو بآخر	بأي وسيلة		لا بدّ من إصلاح الأمر بشكل أو بآخر	لا بدّ من إصلاح الأمر بأي وسيلة		
يُشـَكِّل		(شـَكَّل): صَوَّرَ، وألَّفَ، وقَـيَّـدَ	الفدائيون يُشـَكِّلون خطراً عليهم	الفدائيون خطرٌ عليهم		
تشكّل	هي		هذه القواعد تشكّل محور البحث	هذه القواعد هي محور البحث		
تشكل			وهي في الحالتين تشكِّل أدوات هامة	وهي في الحالتين أدواتٌ هامة		
تشكِّل هذه	تُعدُّ هذه 		تشكِّل هذه الطريقة إنجازاً ...	تُعدُّ هذه الطريقة إنجازاً ...		
يَشتمل	يَشتمل على	(اشتمل) فعلٌ لازم	يَشتمل الكلامُ كذا وكذا	يَشتمل الكلامُ على كذا وكذا		
حديثٌ شـَيِّقٌ 	حديثٌ شـَائِقٌ|حديث مُشـَوِّق	(الشَّـيِّقُ): المشتاق	حديثٌ شـَيِّقٌ 	حديثٌ شـَائِقٌ / مُشـَوِّق		
شـَوْياً	شـَـيًّا	تُقْلَبُ الواوُ في مصدر اللفيف المقرون ياءً، وتُدْغَمُ في الياءِ التي تليها	شَوَى اللحمَ شـَوْياً	شـَوَى اللحمَ شـَـيًّا		
صالة البيع	ردهة البيع		صالة البيع	ردهة البيع		
الصالون	البَهو		استقبل الضيوف في الصالون	استقبل الضيوف في البَهو		
صباحاً مساءً	صباحَ مساءَ|صباحاً ومساءً		يزور صديقه صباحاً مساءً	يزور صديقه صباحَ مساءَ/ يزور صديقه صباحاً ومساءً		
وجْهٌ صَبُوحٌ 	وجْهٌ صَبـِيحٌ	(الصَّبُوح): ما يشرب أو يؤكل في الصباح، ويقابله (الغَبُوق) في المساء	وجْهٌ صَبُوحٌ 	وجْهٌ صَبـِيحٌ		
أَصْحَبَ ب	أَصْحَبَ	(أصحب) يتعدّى بنفسه إلى مفعولين	أَصْحَبَنِي برسالةٍ	أَصْحَبَنِي رسالةً		
في صَدَدِ	بصَدَدِ		فلانٌ في صَدَدِ كذا 	فلانٌ بصَدَدِ كذا		
صدر الحكم بحق	صدر الحكم على	(إذا كان في غير مصلحته)	صدر الحكم بحق فلان	صدر الحكم على فلان		
صدر الحكم بحق	صدر الحكم ل	 (إذا كان في مصلحته)	صدر الحكم بحق فلان	صدر الحكم لفلان		
صادق المجلسُ على القرار	صدّق | أقرّ | أجاز المجلسُ القرارَ		صادق المجلسُ على القرار	صدّق / أقرّ / أجاز المجلسُ القرارَ		
صدّق المجلسُ على القرار	صدّق المجلسُ القرارَ		صدّق المجلسُ على القرار	صدّق المجلسُ القرارَ		
تَصْرِيحٌ بالدخول	إذْنٌ بالدخول	(التصريح): ضد التعريض	تَصْرِيحٌ بالدخول	إذْنٌ بالدخول		
على جميع الأصْعِدَة	على جميع الصُّعُد		على جميع الأصْعِدَة	على جميع الصُّعُد		
أَصْغَى ل	أَصْغَى إلى		أَصْغَى لحديثِه 	أَصْغَى إلى حديثِه		
صَفَارُ اللون	صُفْرَةُ اللون		صَفَارُ اللون	صُفْرَةُ اللون		
صَفَارَ البيضةِ	مُحَّ البيضةِ		أكَلَ صَفَارَ البيضةِ وترَكَ بَيَاضَها	أكَلَ مُحَّ البيضةِ وترَكَ آحَها		
بَيَاضَ البيض	آح البيض		أكَلَ صَفَارَ البيضةِ وترَكَ بَيَاضَها	أكَلَ مُحَّ البيضةِ وترَكَ آحَها		
لِصَالِحِه	لِمَصْلَحَتِه		فَعَلَ ذلك لِصَالِحِه	فَعَلَ ذلك لِمَصْلَحَتِه		
صَلَّحَ أخطاءَ	صَحَّحَ أخطاءَ		صَلَّحَ أخطاءَ الكتاب	صَحَّحَ أخطاءَ الكتاب		
صَلَّحَ السيَّارةَ	أَصْلَحَ السيارةَ		صَلَّحَ السيَّارةَ	أَصْلَحَ السيارةَ		
تَصَامَمَ عن الحديث	تَصَامَّ عن الحديث	يلازم الفعلُ المضعَّفُ الإدغامَ ما لم يتصلْ بضميرِ رفعٍ متحرِّك، نحو: تَصَامَمْتُ	تَصَامَمَ عن الحديث	تَصَامَّ عن الحديث		
أجهزة التَّصَنـُّت	أجهزة التَّنـَصُّت		أجهزة التَّصَنـُّت	أجهزة التَّنـَصُّت		
حِلْيَةٌ مُصَاغَةٌ	حليةٌ مَصُوغَةٌ	الفعل هو: (صاغ)، لا: (أصاغ)	حِلْيَةٌ مُصَاغَةٌ	حليةٌ مَصُوغَةٌ		
فتاةٌ مَصُون 	فتاةٌ مَصُونـَةٌ	(مصون) على وزن (مفعول)، لا على وزن (فَعُول)	فتاةٌ مَصُون 	فتاةٌ مَصُونـَةٌ		
سِرٌّ مُصَانٌ 	سِرٌّ مَصُونٌ	الفعل هو: (صان)، لا: (أصان)	سِرٌّ مُصَانٌ 	سِرٌّ مَصُونٌ		
صِيوانُ الأذنِ	صِوَانُ الأذنِ		صِيوانُ الأذنِ	صِوَانُ الأذنِ		
ضَبْعٌ مفترسٌ	ضَبُعٌ مفترسة	(الضبع) اسمٌ مؤنث	ضَبْعٌ مفترسٌ	ضَبُعٌ مفترسة		
يناضلُ ضدَّ الاستعمار	يُناضِلُ الاستعمارَ		يناضلُ ضدَّ الاستعمار	يُناضِلُ الاستعمارَ		
مناعة ضدّ	مناعة من		مناعة ضدّ المرض	مناعة من المرض		
تأمين ضدّ	تأمين من		تأمين ضدّ جميع الأخطار	تأمين من جميع الأخطار		
ضدّ الصدمات	تتحمل الصدمات|لا تتأثر بالصدمات		ساعة ضدّ الصدمات	ساعة تتحمل الصدمات/ ساعة لا تتأثر بالصدمات		
ضَرَبَهُ بالأرضِ 	ضَرَبَ بهِ الأرضَ	الأرضُ لا تُحملُ ليُضْرَبَ بها	ضَرَبَهُ بالأرضِ 	ضَرَبَ بهِ الأرضَ		
اضْطَرَدَ الأمرُ	اطَّرَدَ الأمرُ	الفعل هو: (طرد)، لا: (ضرد)	اضْطَرَدَ الأمرُ	اطَّرَدَ الأمرُ		
اضْطُرَّ ل |اضطر على	اضْطُرَّ إلى		اضْطُرَّ للسفر / على السفر	اضْطُرَّ إلى السفر		
مُتَضَلِّعٌ في	مُتَضَلِّعٌ من		مُتَضَلِّعٌ في اللغة	مُتَضَلِّعٌ من اللغة		
بالإضافة إلى ذلك	إضافة إلى ذلك|زيادة على ذلك|فضلاً على ذلك		بالإضافة إلى ذلك، يمكن أن نفعل...	إضافة إلى ذلك، يمكن أن نفعل...		
#بالإضافة إلى ذلك	زيادة على ذلك		بالإضافة إلى ذلك، يمكن أن نفعل...	زيادة على ذلك، يمكن أن نفعل...		
#بالإضافة إلى ذلك	فضلاً على ذلك		بالإضافة إلى ذلك، يمكن أن نفعل...	فضلاً على ذلك، يمكن أن نفعل...		
طالَب	طالَبتُه ب		طالَبتُه دَفْعَ ما عليه	طالَبتُه بدَفْع ما عليه		
يرجى الإطّلاع	يرجى الاطّلاع		يرجى الإطّلاع	يرجى الاطّلاع		
انْطَلَتْ عليه الحيلة 	جَازَتْ عليه الحيلة		انْطَلَتْ عليه الحيلة 	جَازَتْ عليه الحيلة		
طَمَحَ ب	طَمَحَ إلى 		طَمَحَ بالزواج منها	طَمَحَ إلى الزواج منها		
تَطْمِينُ	طَمأَنـَةُ	الفعل هو: (طمأن)، لا: (طَـمَّنَ)	تَطْمِينُ الناسِ	طَمأَنـَةُ الناسِ		
يَطْهِي الطعامَ	يَطْهُو الطعامَ		يَطْهِي الطعامَ	يَطْهُو الطعامَ طَهْواً وطَهْياً		
أَطَاحَ ب	أَطَاحَ	الفعل (أطاح) يتعدى بنفسه	أَطَاحَ بماله 	أَطَاحَ مالَه		
تخطيط طاقوي 	تخطيط طاقيّ		تخطيط طاقوي 	تخطيط طاقيّ		
يَطالُها القانون	يَطولُها القانون		هذه جرائمُ يَطالُها القانون	هذه جرائمُ يَطولُها القانون		
طِيلَةَ عُمْرِه	طُولَ عُمْرِهِ	(الطِّيلَة): العُمْر	قَضَى طِيلَةَ عُمْرِه في التدريس	قَضَى طُولَ عُمْرِهِ في التدريس		
طَوْي الثياب 	طَيِّ الثياب		انـْتَهَتْ من طَوْي الثياب 	انتهت من طَيِّ الثياب 		
أَظَافِر	أَظْفَار		أَظَافِر	أَظْفَار		
ظَهَرَ بأن	ظَهَرَ أن		ظَهَرَ بأنـّه مريض	ظَهَرَ أنـّه مريض		
عِبارةً عن	يتألف من||إنما هو		وكان البيتُ عِبارةً عن أربع غرف..	وكان البيتُ يتألف من أربع غرف..		
#عِبارةٌ عن			الكتابُ المدرسيُّ عِبارةٌ عن مَرجعٍ...	الكتابُ المدرسيُّ مَرجعٌ...		
#عِبارةٌ عن	إنما هو		الكتابُ المدرسيُّ عِبارةٌ عن مَرجعٍ...	الكتابُ المدرسيُّ إنما هو مَرجعٌ...		
يومٌ عَتِيدٌ	يومٌ مُنتَظَرٌ	(العتيد): المُهَيَّأُ والحاضرُ والمُعَدُّ	هذا يومٌ عَتِيدٌ 	هذا يومٌ مُنتَظَرٌ		
والأعْجَبُ من ذلك	والأعجب|وأعجب من ذلك	أفعل التفضيل المحلّى بـ (أل) لا يجوز فيه ذكر (مِن) مع المفضَّل عليه	والأعْجَبُ من ذلك قولُه...	والأعجب قولُه.../وأعجب من ذلك قولُه...		
اسْتَعَدَّ إلى	اسْتَعَدَّ ل		اسْتَعَدَّ إلى الأمر	اسْتَعَدَّ للأمرِ		
عدا عن 	عدا|ماعدا	(عدا): أداة يُستثنى بها، والاسمُ بعدها يجوز نصبه وجرّه، ففي حالة النصب تكون (عدا) فعلاً، وفي حالة الجر تكون حرف جرّ.. فإذا اقترنتْ (ما) بـ (عدا) وَجَب نصب الاسم بعدها على المفعولية.	يوجد 50 رجلاً عدا عن الأطفال 	يوجد 50 رجلاً عدا الأطفالَ / الأطفالِ		
#عدا عن	ماعدا	(عدا): أداة يُستثنى بها، والاسمُ بعدها يجوز نصبه وجرّه، ففي حالة النصب تكون (عدا) فعلاً، وفي حالة الجر تكون حرف جرّ.. فإذا اقترنتْ (ما) بـ (عدا) وَجَب نصب الاسم بعدها على المفعولية.	يوجد 50 رجلاً عدا عن الأطفال 	يوجد 50 رجلاً ماعدا الأطفالَ		
عَدَاهُ بالمرض 	أَعْدَاهُ بالمرض	(عدا): جَرَى، وسَرَق، وجَاوَزَ وتَرَك	عَدَاهُ بالمرض 	أَعْدَاهُ بالمرض		
تعذيب المياه	إعذاب المياه		تعذيب المياه	إعذاب المياه		
اعْتَذَرَ عن الحضور	اعْتَذَرَ عن التخلُّف|اعتذر الغياب		اعْتَذَرَ عن الحضور	اعْتَذَرَ عن التخلُّف / الغياب		
اعْتَذَرَ عن الحضور	اعْتَذَرَ عن عدم الحضور 		اعْتَذَرَ عن الحضور	اعْتَذَرَ عن عدم الحضور 		
اعْتَذَرَ مِن	اعْتَذَرَ إلى |اعتذر عن | اعتذر من	(اعتذر مِن فلان): شكاه	اعْتَذَرَ مِن فلان 	اعْتَذَرَ إلى فلان عن / من كذا		
عارضَ الكتابَ على أصلِه المخطوط	عارضَ الكتابَ بأصلِه المخطوط		عارضَ الكتابَ على أصلِه المخطوط	عارضَ الكتابَ بأصلِه المخطوط		
عارضَ بين الكتابِ وأصلِه المخطوط	عارضَ الكتابَ بأصلِه المخطوط		عارضَ بين الكتابِ وأصلِه المخطوط			
تَعَرَّفَ على 	تَعَرَّفَ إلى | تعرّف ل|تَعَرَّفَ ب	(أي: جعل المدير يعرفه؛ عرَّفه بنفسه)	تَعَرَّفَ الموظف على المدير	تَعَرَّفَ الموظف إلى المدير / للمدير		
#تَعَرَّفَ على	تَعَرَّفَ ب	(أي: صار معروفاً عنده)	تَعَرَّفَ فلانٌ على صاحبه	تَعَرَّفَ فلانٌ بصاحبه		
متعارَفٌ عليها	متعارَفة	(أي: معروفة شائعة)	عاداتٌ متعارَفٌ عليها	عاداتٌ متعارَفة		
تعارفوا على	تعارفوا 		تعارفوا على الشيءِ	تعارفوا الشيءَ		
عَرَايَا 	عُرْيانـُون	(عارٍ) جَمْعُهُ (عُراة)، و(عارية) جمعُها (عاريات)، و(عُرْيانة) جمعُها (عُرْيانات)	عَرَايَا 	عُرْيانـُون		
عَزَا الخبَرَ لِصاحبه 	عَزَا الخبَرَ إلى صاحبه		عَزَا الخبَرَ لِصاحبه 	عَزَا الخبَرَ إلى صاحبه		
عَزَّيْتُه بولده	عَزَّيْتُه عن ولده		عَزَّيْتُه بولده	عَزَّيْتُه عن ولده		
عَشَّبَ الأرضَ 	اجتزَّ عُشبَ الأرض| نزع عُشبَ الأرض	(عَشَّبَ) فعلٌ لازم، تقول: (عَشَّبَتِ الأرضُ): كثـُر عُشبها	عَشَّبَ الأرضَ 	اجتزَّ / نزع عُشبَ الأرض		
حَسَنُ المَعْشَر	حَسَنُ العِشْرَة	(المَعْشـَر): كلُّ جماعةٍ أمرُهم واحد	فلانٌ حَسَنُ المَعْشَر	فلانٌ حَسَنُ العِشْرَة		
العشرينات	العشرينيات	(عشرينات) جمعُ (عشرين)، أما (عشرينيات) فتعني السنوات المنسوبة إلى العشرين، أي الدالة على سنوات عَقْدٍ يبدأ بسنة عشرين وينتهي بسنة تسع وعشرين	في العشرينات من القرن الماضي	في العشرينيات من القرن الماضي		
تناولَ طعامَ العَشَاءِ	تناولَ العَشَاءَ	(العَشاء) هو الطعام نفسه	تناولَ طعامَ العَشَاءِ	تناولَ العَشَاءَ		
تَعَصَّبَ ضدَّ	تَعَصَّبَ على	(تعصَّب لفلان وتعصّب معه): نـَصَرَه. (تعصّب على عدُوِّه): قاومَه وكان مع عصبته ضدّه	تَعَصَّبَ ضدَّ فلان	تَعَصَّبَ على فلان		
مَعْصُومٌ عن الخطأ 	معصومٌ من الخطأ		مَعْصُومٌ عن الخطأ 	معصومٌ من الخطأ		
هذه عصاتي 	هذه عصايَ		هذه عصاتي 	هذه عصايَ		
تَعَطَّشَ إلى	عَطِش إلى	(تعطَّش): تكلّف العطش	تَعَطَّشَ إلى لقائه فهو متعطِّش	عَطِش إلى لقائه فهو عَطِشٌ وعاطِش		
عَاطِلٌ عن العمل	عَاطِلٌ من العمل		عَاطِلٌ عن العمل	عَاطِلٌ من العمل		
أعْطَى إلى|أعطى ل	أعْطَى	(أعطى) يتعدّى بنفسه إلى مفعولين	أعْطَى إلى أخيه / لأخيه كتاباً	أعْطَى أخاهُ كتاباً		
مَعْفِيَّةٌ من الحسم | مَعْفُوَّةٌ من الحسم	مُعْفاةٌ من الحسم	الفعل هو: (أعفى)، لا: (عفا)	المبالغ مَعْفِيَّةٌ / مَعْفُوَّةٌ من الحسم	المبالغ مُعْفاةٌ من الحسم		
عَفَاهُ من الوظيفةِ	أَعْفَاهُ من الوظيفة	(عفا عنه): صَفَحَ عنه. (عفا الأثرُ): زال	عَفَاهُ من الوظيفةِ	أَعْفَاهُ من الوظيفة		
انعكاس  	أثر		وهذه الأرقام تبيّن انعكاس فقدان الأمن على الحالة الاقتصادية	وهذه الأرقام تبيّن أثر فقدان الأمن على الحالة الاقتصادية		
انعكاسٌ ل	نتيجة ل/تعبير عن		هل هو انعكاسٌ لأحاسيس عامة..	هل هو نتيجة لأحاسيس عامة../هل هو تعبير عن أحاسيس عامة..		
تعكِس	تُظهِر |تفضح		ثم إن الرقابة تعكِس خوف السلطة	ثم إن الرقابة تُظهِر خوف السلطة/ ثم إن الرقابة تفضح خوف السلطة		
عكست	تركت		عكست الرحلة آثاراً طيبة على...	تركت الرحلة آثاراً طيبة على...		
قوسان معكوفتان	قوسان معقوفتان		قوسان معكوفتان	قوسان معقوفتان		
علاقةٌ حميمةٌ مع	علاقةٌ حميمةٌ ب		له علاقةٌ حميمةٌ مع ابنه	له علاقةٌ حميمةٌ بابنه		
أَعْلَنَ عن	أَعْلَنَ		أَعْلَنَ عن افتتاحِ الدورة	أَعْلَنَ افتتاحَ الدورة		
المرتبة الأعلى	المرتبة العليا		في المرتبة الأعلى	في المرتبة العليا		
تعالَوْا عندنا	تعالَوْا إلينا		تعالَوْا عندنا	تعالَوْا إلينا		
علاوة على ذلك	إضافة إلى ذلك	(علاوة) اسمٌ، وليست مصدراً؛ تقول: حصل الموظف على علاوة كبيرة	علاوة على ذلك، يمكن أن...	إضافة إلى ذلك، يمكن أن...		
عَامُودُ البناء	عَمُودُ البناء		عَامُودُ البناء	عَمُودُ البناء		
عواميد البناء	أعْمِدة البناء| عُمُد البناء 		عواميد البناء	أعْمِدة / عُمُد البناء 		
إلى عند	عند		ذهبت إلى عند فلان	ذهبت عند فلان		
يُعَانِي من 	يُعَانِي	الفعل (عانى) يتعدّى بنفسه	يُعَانِي فلانٌ من المرض	يُعَانِي فلانٌ المرضَ		
تعهّد له	تكفَّل	(تعهَّدََ الشيءَ): تفقَّدَهُ	تعهّد لـه بدفع هذا المبلغ	تكفَّل بدفع هذا المبلغ		
اعْتَادَ على	اعْتَادَ		اعْتَادَ على الأمر	اعْتَادَ الأمرَ		
عَوَّدَهُ على	عَوَّدَهُ		عَوَّدَهُ على الأمر	عَوَّدَهُ الأمرَ		
تَعَوَّدَ على	تَعَوَّدَ		تَعَوَّدَ على القراءة	تَعَوَّدَ القراءةَ		
مُعَاق	مَعُوق		طفل مُعَاق	طفل مَعُوق		
مُعاشٌ فيها	مَعِيشٌ فيها	الفعل هو: (عاش)، لا: (أعاش)	الحالُ مُعاشٌ فيها	الحالُ مَعِيشٌ فيها		
الغثّ والثمين	الغثُّ والسمين		الغثّ والثمين	الغثُّ والسمين		
أغْدَقَ الخيرَ عليهم	أسبغ الخير عليهم|أفاضَ الخيرَ عليهم	(أغدق) فعلٌ لازم؛ تقول: (أغدقتِ الأرضُ): أخصبت	أغْدَقَ الخيرَ عليهم	أسبغ / أفاضَ الخيرَ عليهم		
تناول طعامَ الغَدَاءِ |تناول طعام الغَذَاءِ	تناول الغَدَاءَ	(الغَداء): طعام الغُدوة، ووجبة الظهيرة (مج). (الغِذاء): ما ينمو به الجسم ويَصْلُح مِن طعام وشراب.	تناول طعامَ الغَدَاءِ / الغَذَاءِ	تناول الغَدَاءَ		
غَرَّمَ ب	غَرَّمَ	(غرّم) يتعدّى بنفسه إلى مفعولين	غَرَّمَهُ بالدَّيْنِ	غَرَّمَهُ الدَّيْنَ		
أَغْرى على	أَغْرَى ب		أَغْراهُ على البيع	أَغْرَاهُ بالبيع		
وقَعَ مُغْشىً عليه	وقَعَ مَغْشِيّاً عليه	الفعل هو: (غُشِيَ عليه)، لا: (أُغْشِيَ عليه)	وقَعَ مُغْشىً عليه	وقَعَ مَغْشِيّاً عليه		
غَطَّى المقالُ	شمل المقالُ		غَطَّى المقالُ النـِّقاطَ المطلوبة	شمل المقالُ النـِّقاطَ المطلوبة		
استَغْفَرَ اللهَ عن ذنْبه	استَغْفَرَ اللهَ ذنْبَهُ|استَغْفَرَ اللهَ لذنْبه|استَغْفَرَ اللهَ من ذنْبه		استَغْفَرَ اللهَ عن ذنْبه	استَغْفَرَ اللهَ ذنْبَهُ / لذنْبه / من ذنْبه		
غَفِيرُ البناءِ 	خَفِيرُ البناءِ	(الغفير): الكثير	غَفِيرُ البناءِ 	خَفِيرُ البناءِ		
غافَلَ اللصُّ	تغفَّلَ اللصُّ		غافَلَ اللصُّ الحارسَ ودخلَ البيتَ	تغفَّلَ اللصُّ الحارسَ ودخلَ البيتَ		
استغلَّيْتُ الأرضَ	استغلَلْتُ الأرض		استغلَّيْتُ الأرضَ	استغلَلْتُ الأرض		
ماء مَغْلِيّ	ماء مُغْلًى| ماء مُغلّى		غَلَيْتُ الماءَ، فهو مَغْلِيّ	أَغْلَيْتُ الماءَ، فهو مُغْلًى		
غَلَيْتُ الماءَ	أَغْلَيْتُ الماءَ|غَلَّيْتُ الماءَ		غَلَيْتُ الماءَ، فهو مَغْلِيّ	أَغْلَيْتُ الماءَ، فهو مُغْلًى		
#غَلَيْتُ الماءَ|ماء مَغْلِيّ	غَلَّيْتُ الماءَ|ماء مُغَلًّى	(غَلَى) فعلٌ لازم	غَلَيْتُ الماءَ، فهو مَغْلِيّ	غَلَّيْتُ الماءَ، فهو مُغَلًّى		
غَاوٍ للموسيقى	هَاوٍ للموسيقى	(الغاوي): الضال	فلانٌ غَاوٍ للموسيقى, وهم غواة 	فلانٌ هَاوٍ للموسيقى, وهم هواة 		
غير بالله	بغير الله		لا تستعِنْ غير بالله	لا تستعِنْ بغير الله		
غير أنا|غير نحن	غيري | غيرنا		لم يحضرْ غير أنا / نحن ...	لم يحضرْ غيري / غيرنا ...		
ذكيٌّ للغاية 	بلغ  من الذكاء الغاية|ذكيٌّ جداً		فلانٌ ذكيٌّ للغاية 	بلغ فلانٌ من الذكاء الغاية		
#ذكيٌّ للغاية 	ذكيٌّ جداً	(الغاية): النهاية والآخِر	فلانٌ ذكيٌّ للغاية 	فلانٌ ذكيٌّ جداً		
فترة النموّ	طور النمو|مرحلة النموّ	(الفترة) مدةٌ تتميّز بالفتور	في فترة النموّ	في طور / مرحلة النموّ		
فترة قصيرة	مدّة قصيرة		في فترة قصيرة	في مدّة قصيرة		
فَاتُورَةُ الحسابِ	بَيَانُ الحساب| وَرَقَةُ الحسابِ		فَاتُورَةُ الحسابِ	بَيَانُ / وَرَقَةُ الحسابِ		
فَتَّشَ على	فَتَّشَ عن		فَتَّشَ عليه	فَتَّشَ عنه		
فُحُوصاتٍ	فُحُوصٍ		خَضَعَ لفُحُوصاتٍ طبية	خَضَعَ لفُحُوصٍ طبية		
ثوبٌ مُفْتَخَر	ثوبٌ فاخِر		ثوبٌ مُفْتَخَر	ثوبٌ فاخِر		
فَداحَةُ المُصاب 	فَدْحُ المُصاب	(الفداحة) لم تُسمع عن العرب	فَداحَةُ المُصاب 	فَدْحُ المُصاب		
أَفْدَحَهُ الدَّيْنُ 	فَدَحَه الدَّيْنُ	الفعل هو: (فَدح)، لا: (أفدح)	أَفْدَحَهُ الدَّيْنُ 	فَدَحَه الدَّيْنُ		
تفادى	تفادى من		تفاديتُ الشيءَ 	تفاديتُ من الشيء		
لنفرض أن	لنفترض أن	(فَرَض الأمرَ): أوجبه، و(افترض الباحثُ): اتّخذ فَرْضاً ليصل إلى حلّ مسألة.	لنفرض أن س أكبر من ع	لنفترض أن س أكبر من ع		
أفْسَحَ له في المجلس	فَسَحَ له في المجلس		أفْسَحَ له في المجلس	فَسَحَ له في المجلس		
النتائج الأفضل	النتائج الفُضْلى|أفضل النتائج		حصل على النتائج الأفضل	حصل على النتائج الفُضْلى/حصل على أفضل النتائج		
تفتقد إلى	تفتقر إلى		تفتقد قريتُنا إلى كثير من الخدمات	تفتقر قريتُنا إلى كثير من الخدمات		
ما انْفَكَّ عن	ما انْفَكَّ يفعل |ما انفك فاعلا	أي: مازال يلعب، وهي من أخوات كان	ما انْفَكَّ عن اللَّعِب	ما انْفَكَّ يلعَبُ / لاعباً		
فَلَّسَ التاجرُ	أَفْلَسَ التاجرُ	(فَلَّسَ القاضي التاجرَ): حَكَمَ بإفلاسه	فَلَّسَ التاجرُ	أَفْلَسَ التاجرُ		
تفنيد النفقات	تبيين النفقات	(فَـنـَّدَ فلاناً): خـَطَّـأَ رأيَهُ. (فَـنـَّدَ رأْيَ فلان): أضْعَفَهُ وأبْطَلَهُ.	تفنيد النفقات الإجمالية	تبيين النفقات الإجمالية		
فَاقَ على	فَاقَ		فَاقَ على أقرانِه	فَاقَ أقرانـَه		
أفَاضَ الحديثَ	أفَاضَ في الحديث		أفَاضَ الحديثَ	أفَاضَ في الحديث		
قَبل ب	قبل		قَبلتُ بـالأمر / بـالقليل	قَبلتُ الأمرَ / القليل		
قابَلَ الكتابَ على أصله المخطوط	قابَلَ الكتابَ بأصله المخطوط		قابَلَ الكتابَ على أصله المخطوط	قابَلَ الكتابَ بأصله المخطوط		
قذف الحجارةَ على 	قذف بالحجارة		قذف الحجارةَ على القلعة	قذف القلعةَ بالحجارة		
يقاربُ عددُهم من	يقاربُ عددُهم		يقاربُ عددُهم من ألف	يقاربُ عددُهم ألفاً		
قاربَ الأمرُ على الانتهاء	قارب الأمرُ الانتهاءَ 		قاربَ الأمرُ على الانتهاء	قارب الأمرُ الانتهاءَ 		
استقرضتُ مالاً 	اقترضتُ مالاً	(الاستقراض): طلب القرض	استقرضتُ مالاً 	اقترضتُ مالاً		
قَرِفَ من	اشْمَأَزَّ من	(قَرِفَ فلانٌ): دَانـَى المرضَ	قَرِفَ منه 	اشْمَأَزَّ منه		
أَقْسَمَ بأنْ	أَقْسَمَ باللّهِ أنْ|أَقْسَمَ أنْ	الباء تدخل على المُقْسَم به	أَقْسَمَ بأنْ يَفعلَ كذا	أَقْسَمَ (باللّهِ) أنْ يَفعلَ كذا		
قَاسَى من ألـمٍ شديد	قَاسَى ألماً شديداً	الفعل (قاسى) يتعدّى بنفسه	قَاسَى من ألـمٍ شديد	قَاسَى ألماً شديداً		
اقتصدتُ مبلغاً من المال	ادَّخرتُ مبلغاً من المال	(اقتصد في النفقة): لم يسرف ولم يقتِّر	اقتصدتُ مبلغاً من المال	ادَّخرتُ مبلغاً من المال		
حديثـُهُ قَاصِرٌ على الشعر 	حديثـُهُ مَقْصُورٌ على الشعر		حديثـُهُ قَاصِرٌ على الشعر 	حديثـُهُ مَقْصُورٌ على الشعر		
تَقَصَّى عن الأمر| اسْتَقْصَى عن الأمر	تَقَصَّى الأمر|اسْتَقْصَى الأمرَ 	(تقصّى) و(استقصى) يتعديان بنفسيهما، وأجاز ع تعديتهما بـ (في)	تَقَصَّى / اسْتَقْصَى عن الأمر	تَقَصَّى / اسْتَقْصَى الأمرَ 		
تَقَطَّبَ الرجُلُ	قَطَبَ الرجل|قَطَّبَ الرجُلُ	الفعل هو: (قَطَب) أو (قَطَّب)، لا: (تقطَّب)	تَقَطَّبَ الرجُلُ	قَطَبَ / قَطَّبَ الرجُلُ		
قِطافُ القطن	قَطْفُ القطن	(القِطاف) ليس مصدراً لـ (قَطَفَ)، إنما هو اسمٌ يعني زمن القطف 	تمَّ قِطافُ القطن	تمَّ قَطْفُ القطن		
قطنتُ البلدَ	قطنتُ في البلد		قطنتُ البلدَ	قطنتُ في البلد		
تَقَاعَسَ في	تَقَاعَسَ عن		تَقَاعَسَ في أداء واجبه	تَقَاعَسَ عن أداء واجبه		
أرضٌ قَفْرَاءُ 	أرضٌ مُقْفِرَةٌ|أرض قَفْرَةٌ|أرض قَفْرٌ		أرضٌ قَفْرَاءُ 	أرضٌ مُقْفِرَةٌ / قَفْرَةٌ / قَفْرٌ		
قُفّازات 	قَفافيز		قُفّازات 	قَفافيز		
قَفَلَ البابَ|باب مَقْفُولٌ 	أَقْفَلَ البابَ |باب مُقْفَلٌ	(قَفَل): رجع من سَفره. (أقْفَلَ البابَ): أغْلَقَه بالقفل	قَفَلَ البابَ، فهو مَقْفُولٌ 	أَقْفَلَ البابَ، فهو مُقْفَلٌ 		
أقلَعَ المعملُ 	انطلق المعملُ		أقلَعَ المعملُ 	انطلق المعملُ		
اسْتَقَلَّ السيارةَ	ركبَ السيارةَ	(استقلَّ الشيءَ): حَمَلَه ورفعه	اسْتَقَلَّ فلانٌ السيارةَ	ركبَ فلانٌ السيارةَ		
استقلّيْتُ برأيي	استقلَلْتُ برأيي		استقلّيْتُ برأيي	استقلَلْتُ برأيي		
الأَقْنِيَة الفضائية|الأقنية الافتراضية	القَنـَوَاتٌ الفضائية| القنوات الافتراضية		الأَقْنِيَة الفضائية / الافتراضية	القَنـَوَاتٌ الفضائية / الافتراضية		
مُقَادٌ من بُعد	مَقُودٌ من بُعد	(أقادَ القاتلَ بالقتيل): قتَلَهُ به قَوْداً. (أقادَهُ خيلاً): أعطاهُ إيّاها ليقودَها	هذا الجهاز مُقَادٌ من بُعد	هذا الجهاز مَقُودٌ من بُعد		
كلامٌ مُقَالٌ	كلامٌ مَقُولٌ	(أقالَ البيعَ): فسَخـَهُ. (أقالَ عثـْرَتَه): تجاوز عنه. (أقالَه من عمله): نحّاه عنه	كلامٌ مُقَالٌ	كلامٌ مَقُولٌ		
قَيْدُ الإنجاز	في قَيْدِ الإنجاز	(في قَيْدِ كذا): في حَوْزَة كذا	المشروعُ قَيْدُ الإنجاز	المشروعُ في قَيْدِ الإنجاز		
على قَيْد الحياة	حيٌّ يُرزَق		فلانٌ على قَيْد الحياة	فلانٌ حيٌّ يُرزَق		
مُقَاسٌ بالمتر	مَقِيسٌ بالمتر	الفعل هو: (قاسَ)، لا: (أقاسَ)	مُقَاسٌ بالمتر	مَقِيسٌ بالمتر		
كَبَّدَهُ عناءً شديداً	حَمَّلَهُ عناء شديدا|جَشَّمَهُ عناءً شديداً	 (كبَّدَتِ الشمسُ السماءَ): صارت في وَسَطها	كَبَّدَهُ عناءً شديداً	حَمَّلَهُ / جَشَّمَهُ عناءً شديداً		
هي الأكبرُ	هي الكبرى	تجب المطابقة لدخول (أل) على أفعل التفضيل	آسيا هي الأكبرُ بين القارات	آسيا هي الكبرى بين القارات		
الأعداد الأكبر من	الأعداد التي هي أكبر من		الأعداد الأكبر من 10	الأعداد التي هي أكبر من 10		
كَبْلات	أكْبُل|كُبُول|أكبال| كِبال		كَبْلات	أكْبُل / كُبُول / أكبال / كِبال		
الحالات الأكثر شيوعاً	أكثر الحالات شيوعاً		الحالات الأكثر شيوعاً	أكثر الحالات شيوعاً		
الكادر	المَلاك | المِلاك		الكادر	المَلاك / المِلاك		
أَكْرَبَهُ الغَمُّ 	كَرَبَهُ الغَمُّ	(أَكْرَبَ الرجلُ): عَدَا. (أَكْرَبَ السِّقاءَ): ملأَه	أَكْرَبَهُ الغَمُّ 	كَرَبَهُ الغَمُّ		
الكَرْتُون 	المُقَوَّى		الكَرْتُون 	المُقَوَّى		
لا يُكْتَرَثُ به 	لا يُكْتَرَثُ له		لا يُكْتَرَثُ به 	لا يُكْتَرَثُ له		
كَرَى البيتَ 	أَكْرَى البيتَ	(كَرَى الأرضَ): حَفَرَهَا. (كَرِيَ الرجلُ): نـَعَسَ أو نامَ	كَرَى البيتَ 	أَكْرَى البيتَ		
وَحْشٌ كاسِرٌ	وحشٌ ضارٍ |وحش مُفْتَرِس	(الكاسِر) صفة للطائر الجارح، يقال: نـَسْرٌ كاسِرٌ	وَحْشٌ كاسِرٌ	وحشٌ ضارٍ / مُفْتَرِس		
كَسَرَ القانونَ 	خَالفَ القانونَ		كَسَرَ القانونَ 	خَالفَ القانونَ		
أَكِفَّاء	أَكْفَاء |أكفياء |كُفاة	(أَكْفَاء) جَمْعُ (كُفْء)، وهو القادر على تصريف العمل. (أَكِفَّاء) جَمْعُ (كفيف)، وهو الأعمى. (أكفياء) جَمْعُ (كَفِيّ)، وهو الكافي (وجمعه كُفاة)، والذي يَكفيك ويُغنيك عن غيره	هؤلاء مدرِّسونَ أَكِفَّاء	هؤلاء مدرِّسونَ أَكْفَاء / أكفياء / كُفاة		
كَلَّفَ ب	كَلَّفَ	(كلّف) فعل متعدّ بنفسه إلى مفعولين	كَلَّفَهُ بالعمل	كَلَّفَهُ العملَ		
أصابَهُ كَلَلٌ 	أصابَهُ كَلالٌ	(الكَلَل): الحالة. يقال: مات بكَلَلِ سوءٍ	أصابَهُ كَلَلٌ 	أصابَهُ كَلالٌ		
بكلِّ معنى الكلمة 	حقّاً|جِدُّ|كُلَّ		خالدٌ شجاعٌ بكلِّ معنى الكلمة 	خالدٌ شجاعٌ حقّاً		
#بكلِّ معنى الكلمة 	 جدُّ		خالدٌ شجاعٌ بكلِّ معنى الكلمة 	خالدٌ شجاعٌ جدُّ شجاع		
# بكلِّ معنى الكلمة 	 كلَّ		خالدٌ شجاعٌ بكلِّ معنى الكلمة 	خالدٌ شجاعٌ كلَّ الشجاعة		
كما أن	ثم أن|وهو إلى ذلك| وهي إلى ذلك 	كما = (ك) التشبيه+ (ما) المصدرية. ولا تستعمل (كما) للعطف والاستئناف	كان للجهاز أثر كبير ...، كما أن استخدامه سيزداد ...	كان للجهاز أثر كبير ...، ثم إن استخدامه سيزداد ...		
#كما أن	وهو إلى ذلك| وهي إلى ذلك 		الخدمة مجانية..، كما أنها تعطي..	الخدمة مجانية..، وهي إلى ذلك تعطي..		
كما يمكن أن	ويمكن أن		يعمل الحاسوب في ...، كما يمكن أن تحتاج تجهيزاتُه إلى...	يعمل الحاسوب في ...، ويمكن أن تحتاج تجهيزاته إلى...		
بأَكْمَلِه	كُلَّه|جَميعَه|برُمَّته 		اشتراهُ بأَكْمَلِه	اشتراهُ كُلَّه / جَميعَه / برُمَّته 		
شهر كانون أول	شهر كانون الأول		شهر كانون أول	شهر كانون الأول		
شهر كانون ثان |شهر كانون ثاني	شهر كانون الثاني		شهر كانون ثان / ثاني	شهر كانون الثاني		
لَجَأَ له	لَجَأَ إليه		لَجَأَ له	لَجَأَ إليه		
لَجَمَ الجوادَ 	ألْجَمَ الجوادَ	(لَجَمَ الثوبَ): خاطَه	لَجَمَ الجوادَ 	ألْجَمَ الجوادَ		
لَصَقَ الورقَ بالصمغِ	أَلْصَقَ الورقَ بالصمغِ	(لَصِقَ الشيءُ بغيره): لَزِقَ به. وهو فعلٌ لازم	لَصَقَ الورقَ بالصمغِ	أَلْصَقَ الورقَ بالصمغِ		
يلعب دوراً رئيسياً	يؤدي دوراً رئيسياً		يلعب دوراً رئيسياً	يؤدي دوراً رئيسياً		
لَغَا المشروعَ| مشروعُ لاغٍ	أَلْغَى  المشروعَ|مشروعُ مُلْغًى	(لغا الشيءُ): بَطَلَ، وهو فعلٌ لازم.. يقال: (بَطَلَ البيعُ، فالبيع باطلٌ/لاغٍ)	لَغَا خالدٌ المشروعَ، فالمشروعُ لاغٍ	أَلْغَى خالدٌ المشروعَ، فالمشروعُ مُلْغًى		
اسْتَلْفَتَ ببلاغتِه الأنظارَ	اسْتَرْعَى ببلاغتِه الأنظارَ|لَفَتَ ببلاغتِه الأنظارَ		اسْتَلْفَتَ ببلاغتِه الأنظارَ	اسْتَرْعَى ببلاغتِه الأنظارَ		
#اسْتَلْفَتَ ببلاغتِه الأنظارَ	لَفَتَ ببلاغتِه الأنظارَ		اسْتَلْفَتَ ببلاغتِه الأنظارَ	لَفَتَ ببلاغتِه الأنظارَ		
مشهدٌ مُلْفِتٌ للنظر 	مشهدٌ لافِتٌ للنظر	الفعل هو: (لَفَت)، لا: (ألْفَتَ)	مشهدٌ مُلْفِتٌ للنظر 	مشهدٌ لافِتٌ للنظر		
لفظ أنفاسَه	انقضتْ  أنفاس| انقطعتْ أنفاسُ 		لفظ فلانٌ أنفاسَه	انقضتْ / انقطعتْ أنفاسُ فلان 		
لَقَّبُوهُ الأمينَ	لَقَّبُوهُ بالأمين		لَقَّبُوهُ الأمينَ	لَقَّبُوهُ بالأمين		
لِقَاءَ أجْر	بأجر|مُقابلَ أجر	(اللقاء): المقابَلَةُ والاستقبال	اشتغل لِقَاءَ أجْر كبير	اشتغل بأجر كبير / مُقابلَ أجر كبير		
لَمْحة عن حياة 	لَمحَة إلى حياة |نـُبذَة من حياة		لَمْحة عن حياة المؤلف	لَمحَة إلى حياة المؤلف		
#لَمْحة عن حياة	نـُبذَة من حياة		لَمْحة عن حياة المؤلف	نـُبذَة من حياة المؤلف		
تلهَّفَ على | تلهف إلى	تشوَّقَ إلى	(التلهُّف): التحسّر والتوجع	تلهَّفَ عليه /إليه 	تشوَّقَ إليه		
بما فيهم	وفيهم		رأيت الأولادَ بما فيهم خالد وصالح	رأيت الأولادَ وفيهم خالد وصالح		
بما فيها	وفيها		اشتريت الدارَ بما فيها السطح	اشتريت الدارَ وفيها السطح		
مائةُ	مئةُ		مائةُ صفحة	مئةُ صفحة		
تماثل المريضُ للشفاء	تماثل المريضُ من مرضه		تماثل المريضُ للشفاء	تماثل المريضُ من مرضه		
امْتَثـَلَ للأمرِ	امْتَثـَلَ الأمرَ	الفعل (امتثل) يتعدّى بنفسه	امْتَثـَلَ للأمرِ	امْتَثـَلَ الأمرَ		
يَتَمَحْوَرُ هذا الأمرُ حول	يدور هذا الأمرُ حول		يَتَمَحْوَرُ هذا الأمرُ حول كذا	يدور هذا الأمرُ حول كذا		
تمادى على 	تطاول على		تمادى فلان على فلان	تطاول فلان على فلان		
تمادى على ضلاله	تمادى في ضلاله	(تمادى في غيّه): لجَّ فيه وأطال مدى غيّه	تمادى فلان على ضلالـه	تمادى فلان في ضلالـه		
تمرَّس على	تمرَّس ب		تمرَّس على الأعمال الدقيقة	تمرَّس بالأعمال الدقيقة		
اسْتَمْزَجَ رأيَه	الْتَمَسَ رأيَه | طَلَبَ رأيَه		اسْتَمْزَجَ رأيَه	الْتَمَسَ رأيَه / طَلَبَ رأيَه		
مَزَحَ مع	مَازَحَ	(مزح خالدٌ مع سعيد) تعني أنهما مزحا معاً، لا أنّ خالداً هو المازِح. ولو شارك سعيدٌ في المزح لقلنا: تمازَحَا	مَزَحَ خالدٌ مع سعيدٍ	مَازَحَ خالدٌ سعيداً		
أمسى المساء	وافَى المساء | دخل المساء		أمسى المساء	وافَى المساء / دخل المساء		
يتماشى مع 	يطابق| يجاري  | يساير | يشايع	فاعل (تماشى) لا يكون إلا مثنى أو جمعاً	هذا العمل لا يتماشى مع القانون	هذا العمل لا يطابق / يجاري القانون هذا العمل لا يساير / يشايع القانون		
لا يتمشَّى مع 	ينافي		هذا العمل لا يتمشَّى مع الأخلاق	هذا العمل ينافي الأخلاق		
تَمَعَّنَ في الامر	أَمْعَنَ النظر في الأمر|أنعم النظر في الأمر	بالَغَ في استقصائه	تَمَعَّنَ في الامر	أَمْعَنَ النظر في الأمر = بالَغَ في استقصائه		
#تَمَعَّنَ في الامر	أنعم النظر في الأمر 	(تَمَعَّن): تصاغَرَ وتذلَّل, أنعم النظر في الأمر= أطال الفِكرة فيه	تَمَعَّنَ في الامر	أنعم النظر في الأمر = أطال الفِكرة فيه		
يجب إمْلاءُ الفراغ 	يجب مَلْءُ الفراغ		يجب إمْلاءُ الفراغ 	يجب مَلْءُ الفراغ		
أملأتُ الوعاءَ بالماء	ملأتُ الوعاءَ بالماء	(أَمْلأهُ): سبّب له الزكام	أملأتُ الوعاءَ بالماء	ملأتُ الوعاءَ بالماء		
ما تَمَالَكَ نفسَه أن بكى 	ما تَمَالَكَ أن بكى|لم يَمْلِكْ نفسَه أن بكى	(تمالك) فعلٌ لازم	ما تَمَالَكَ نفسَه أن بكى 	ما تَمَالَكَ أن بكى		
ما تَمَالَكَ نفسَه أن بكى 	لم يَمْلِكْ نفسَه أن بكى	(تمالك) فعلٌ لازم	ما تَمَالَكَ نفسَه أن بكى 	لم يَمْلِكْ نفسَه أن بكى		
مما دعا إلى	وهذا دعا إلى		كلفني وألحّ عليّ، مما دعاني إلى ...	كلّفني وألحّ عليّ، وهذا ما دعاني إلى..		
مُمْتَنٌّ لك|مَمْنـُونٌ لك	شَاكِرٌ لك	(الممنون): المقطوع.(امْتنَّ عليه): ذكّره بنعمته عليه وآذاه بمَنـِّهِ	أنا مُمْتَنٌّ / مَمْنـُونٌ لك	أنا شَاكِرٌ لك		
المَيِّزَة	المِيزَة |المَزِيَّة		المَيِّزَة	المِيزَة / المَزِيَّة		
نـَبَّهَ عمّا	نـَبَّهَ على ما		نـَبَّهَ الطلابَ عمّا ارتكبوه من أخطاءٍ	نـَبَّهَ الطلابَ على ما ارتكبوه من أخطاءٍ		
نـَخَرَ السُّوسُ الخشبَ	نـَخِرَ الخشبُ	(نـَخِرَ) فعلٌ لازم. (نـَخـَر): صَوَّتَ بخياشيمه. (نـَخـَرَ الحالبُ الناقَةَ): دَلَكَ مَنْخِرَها بيدِهِ لِتَدِرّ	نـَخَرَ السُّوسُ الخشبَ	نـَخِرَ الخشبُ		
الموظفون الْمُنْدَبون	الموظفون الْمَنْدُوبون|  الموظفون الْمُنْتدَبون		الموظفون الْمُنْدَبون	الموظفون الْمَنْدُوبون / الْمُنْتدَبون		
عَطاءٌ نـَذْرٌ 	عطاءٌ نـَزْرٌ	(النذْر): ما يوجبه المرء على نفسه من صدقة أو نحوها	عَطاءٌ نـَذْرٌ 	عطاءٌ نـَزْرٌ		
نـَزَفَ فلانٌ 	نـَزَفَ دماً	(نـَزَفَ الشيءُ): نـَفِدَ وفَني. (نـَزَفَ الدمُ فلاناً): أضعفَهُ بكثرة خروجه منه	نـَزَفَ فلانٌ 	نـَزَفَ فلانٌ دماً		
نـَزَلَ عند إرادتِه 	نـَزَلَ على إرادتِه		نـَزَلَ عند إرادتِه 	نـَزَلَ على إرادتِه		
تنازل عن حقِّه 	نزل عن حقِّه 		تنازل فلانٌ عن حقِّه 	نزل فلانٌ عن حقِّه 		
نـَزَّهَهُ مِن الخطأِ	نـَزَّهَهُ عن الخطأِ		نـَزَّهَهُ مِن الخطأِ	نـَزَّهَهُ عن الخطأِ		
رأيُك لا يَتَناسَبُ ورأيَه	رأيُك لا يَتَناسَبُ هو ورأيُه |رأيُك لا يَتَناسَبُ مع رأيه	ومِثل يتناسب: يتلاءم ويتنافى...	رأيُك لا يَتَناسَبُ ورأيَه	رأيُك لا يَتَناسَبُ هو ورأيُه 		
#رأيُك لا يَتَناسَبُ ورأيَه	رأيُك لا يَتَناسَبُ مع رأيه	ومِثل يتناسب: يتلاءم ويتنافى...	رأيُك لا يَتَناسَبُ ورأيَه	رأيُك لا يَتَناسَبُ مع رأيه		
اسْتَنْسَبَ الشيءَ	اسْتَحْسَنَ الشيءَ	(استنسبَ الرجُلُ): ذَكَرَ نسبَه. (استنسبَ الرجُلَ): سأله أن يذكر نسبه	اسْتَنْسَبَ الشيءَ	اسْتَحْسَنَ الشيءَ		
بالنسبة إلى | أما بالنسبة إلى	 ما يتعلق| أما ما يخصّ 		...هذا بالنسبة إلى المقررات النظرية، أما بالنسبة إلى المقررات العملية...	...هذا ما يتعلق بالمقررات النظرية، أما ما يخصّ المقررات العملية...		
أما بالنسبة إلى 	أما		أما بالنسبة إلى بناء الكلية فيجب...	أما بناء الكلية فيجب...		
بالنسبة لنا|بالنسبة له|بالنسبة لي|بالنسبة لها	لنا|له|لي|لها		هذا لا يعني شيئاً بالنسبة لنا	هذا لا يعني لنا شيئاً		
مَنْسُوبُ الماءِ	مُسْتَوَى الماءِ	(المنسوب): ذو الحسب والنسب، والشيءُ يُنسَب إلى غيره	مَنْسُوبُ الماءِ	مُسْتَوَى الماءِ		
تنسيق الآلات القديمة	استبعاد الآلات القديمة|طرح الآلات القديمة جانباً 	(نـَسَّق): نظَّم	لا بدّ من تنسيق الآلات القديمة	لا بدّ من استبعاد الآلات القديمة 		
#تنسيق الآلات القديمة	طرح الآلات القديمة جانباً	(نـَسَّق): نظَّم	لا بدّ من تنسيق الآلات القديمة	لا بدّ من طرح الآلات القديمة جانباً		
نَشِطٌ	 نشيطٌ | ناشطٌ		فلانٌ نَشِطٌ	فلانٌ نشيطٌ / ناشطٌ		
نَصُوحٌ	ناصِحٌ		رجلٌ نَصُوحٌ	رجلٌ ناصِحٌ		
نـَعَى وفاةَ	نـَعَى		نـَعَى وفاةَ صديقِه	نـَعَى صديقَه		
نغز الدابةَ	نخز الدابةَ		نغز الدابةَ بعصاه	نخز الدابةَ بعصاه		
نـَفَخَ بالنـَّاي	نفخ في النـّاي 	(الباء) تدخل على أداة النفخ، نحو: نفخ الكرة بالمنفاخ	نـَفَخَ بالنـَّاي	نفخ في النـّاي 		
ضَرَبَهُ على نافُوخِه	ضَرَبَهُ على يَافُوخِه		ضَرَبَهُ على نافُوخِه	ضَرَبَهُ على يَافُوخِه		
نـَفَذَ صَبْرُهُ	نـَفِدَ صَبْرُهُ		نـَفَذَ صَبْرُهُ	نـَفِدَ صَبْرُهُ		
تَنافَسُوا على الأمرِ	تَنافَسُوا في الأمرِ		تَنافَسُوا على الأمرِ	تَنافَسُوا في الأمرِ		
ينقصه شيء	يُعْوِزُهُ شيء		العمل جيد لا ينقصه شيء	العمل جيد لا يُعْوِزُهُ شيء		
تنقصه التجارب	تُعْوِزُهُ التجارب		هو عالِمٌ فذ ولكن تنقصه التجارب	هو عالِمٌ فذ ولكن تُعْوِزُهُ التجارب		
علامات التنقيط	علامات الترقيم		الفاصلة هي إحدى علامات التنقيط	الفاصلة هي إحدى علامات الترقيم		
دَوْرِ النَّقاهة	دَوْرِ النَّقَه	(النَّقاهة): الفهم وسرعة الفطنة	فلانٌ في دَوْرِ النَّقاهة	فلانٌ في دَوْرِ النَّقَه		
نـَمَّلَتْ رِجْلُهُ 	نـَمِلَتْ رجله| خَدِرَتْ رِجْلُهُ		نـَمَّلَتْ رِجْلُهُ 	نـَمِلَتْ / خَدِرَتْ رِجْلُهُ		
ينمّ عن 	ينمّ على		ينمّ حديثه عن علمه وذكائه	ينمّ حديثه على علمه وذكائه 		
ناهِيكَ عن 	بَلْهَ|فضلاً على	(ناهيك) كلمة تعجب واستعظام، نحو: ناهيك بخالدٍ كاتباً	يجيد لغتين، ناهِيكَ عن لغته الأصلية 	يجيد لغتين، بَلْهَ لغتَه الأصلية 		
#ناهِيكَ عن 	فضلاً على	(ناهيك) كلمة تعجب واستعظام، نحو: ناهيك بخالدٍ كاتباً	يجيد لغتين، ناهِيكَ عن لغته الأصلية 	يجيد لغتين، فضلاً على لغته الأصلية 		
يَنـُوفُ العددُ على	يُنِيفُ العدد على| يُنـَيِّفُ العددُ على	(ناف الشيءُ): علا وارتفع وأشرَف	يَنـُوفُ العددُ على كذا 	يُنِيفُ / يُنـَيِّفُ العددُ على كذا		
نـَيِّفٌ ومئةُ	 مئةُ ونـَيِّفٌ	(النـَّيِّف): الأعداد من واحد إلى ثلاثة، ويأتي بعد العقود والمئات والآلاف	جاء نـَيِّفٌ ومئةُ رجلٍ	جاء مئةُ رجلٍ ونـَيِّفٌ		
رأى مَناماً	رأى حُلُماً |رأى رؤيا	(المنام): النـَّوم، وموضِعُ النوم	رأى مَناماً	رأى حُلُماً / رؤيا		
نـَوَّهَ إلى	أشار إلى	(نـَوَّه بالشيء): أشاد به وأظهره	نـَوَّهَ إلى الشيء 	أشار إلى الشيء		
المُنـَوَّهُ عنه|المنوه إليه	المُنـَوَّهُ به		هذا الرجلُ المُنـَوَّهُ عنه / إليه	هذا الرجلُ المُنـَوَّهُ به		
أنْوِيَة 	نـَوًى | نـَوَيات		أنْوِيَة 	نـَوًى / نـَوَيات		
هَجَسَ في الأمرِ	هَجَسَ الأمرُ في صدره		هَجَسَ في الأمرِ	هَجَسَ الأمرُ في صدره		
هَدَسَ في الأمر 	هَجَسَ الأمرُ في صدره		هَدَسَ في الأمر 	هَجَسَ الأمرُ في صدره		
أَهْدَاهُ هديّةً 	أَهْدَى له هدية |أهدى إليه هديّةً	الفعل (أهدى) يتعدى إلى مفعول واحد	أَهْدَاهُ هديّةً 	أَهْدَى له / إليه هديّةً		
هُطُولُ المطر	هَطْلُ المطر| هَطَلانُ المطر		هُطُولُ المطر	هَطْلُ / هَطَلانُ المطر		
تَهَافَتَ الفراش إلى النور	تَهَافَتَ الفراش على النور		تَهَافَتَ الفراش إلى النور	تَهَافَتَ الفراش على النور		
هكذا أشياء	مثل هذه الأشياء |أشياء كهذه		إن هكذا أشياء	إن مثل هذه الأشياء / إن أشياء كهذه		
تَهَكَّمَ على	تَهَكَّم ب	(تَهَكَّمَ على فلان): اشتد غضبه عليه	تَهَكَّمَ على فلان 	تَهَكَّم بفلان		
هل إن	أإن	(هل) لا تدخل على الشرط	هل إن غبتُ عن العمل أُعاقب؟	أإن غبتُ عن العمل أعاقب؟		
هل س	هل	(هل) يخصِّص المضارع بالاستقبال	هل سيباشر فلان؟	هل يباشر فلان؟		
هل لم	أمَا| ألم	(هل) لا تدخل على الكلام المنفي	هل لم يباشر فلان؟	أما باشر فلان؟ / ألم يباشر فلان؟		
هل إنـّه	هل	(هل) للاستفهام، و(إنّ) للتوكيد، وهما لا يجتمعان	هل إنـّه نجح فيما سعى إليه؟	هل نجح فيما سعى إليه		
رجلٌ مَهْوُوس	رجلٌ مُهَوَّس	(هَاسَ فلانٌ): أكل شديداً، وطاف بالليل في جُرْأ، (هَوَّسَ اللّهُ فلاناً): جَعَلَهُ ذا هَوَس، (الهَوَس): طَرَفٌ من الجنون. 	رجلٌ مَهْوُوس	رجلٌ مُهَوَّس		
هَابَ من	هَابَ 	الفعل (هاب) يتعدّى بنفسه	هَابَ من فلان	هَابَ فلاناً		
رَجُلٌ مُهَابٌ	رَجُلٌ مَهِيبٌ	(أهاب): دعا، وصاح	قاضِينا رَجُلٌ مُهَابٌ	قاضِينا رَجُلٌ مَهِيبٌ		
أَهَاجَهُ الأمرُ 	هَاجَهُ الأمرُ	(أهاجتِ الريحُ النبتَ): أَيْبَسَتْهُ	أَهَاجَهُ الأمرُ 	هَاجَهُ الأمرُ		
شرٌّ مُهاج	شرٌّ مَهِيج		شرٌّ مُهاج	شرٌّ مَهِيج		
والتي	التي		سنتبع سياسة الترغيب والتي ستكون..	سنتبع سياسة الترغيب التي ستكون..		
والذي	الذي		سيبدأ قريباً الفصل الدراسي الثاني والذي مدته ثلاثة أشهر	سيبدأ قريباً الفصل الدراسي الثاني الذي مدته ثلاثة أشهر		
لا بدَّ وأن	لا بدَّ أن	لا تدخل الواوُ بين اسم (لا) و(أن) المصدرية. الأصل: (لا بد من أن...) ويجوز إسقاط الجار قبل (أن)	لا بدَّ وأن تتغير الحال	لا بدَّ أن تتغير الحال		
إلاّ و	إلاّ		ما تَحدَّثَ إلاّ وقال خيراً	ما تَحدَّثَ إلاّ قال خيراً		
حتى ولو كان	حتى لو كان		حتى ولو كان...	حتى لو كان...		
كما وأنه	كما أنه		فلانٌ كاتبٌ كما وأنه شاعرٌ	فلانٌ كاتبٌ كما أنه شاعرٌ		
رِجَالٌ ثِقَاةٌ 	رِجَالٌ ثِقَاتٌ		رِجَالٌ ثِقَاةٌ 	رِجَالٌ ثِقَاتٌ		
لا يَجِبُ أن	يَجِبُ ألاّ	(لا يجب أن تذهب) تعني أن الذهاب ليس واجباً عليك، فيمكنك الذهاب وعدمه	لا يَجِبُ أن تذهبَ 	يَجِبُ ألاّ تذهبَ		
وَجَدَ عليه 	حَزِنَ عليه	(وجَدَ عليه): غَضِبَ عليه، (وَجَدَ به): أَحَبَّه	وَجَدَ عليه 	حَزِنَ عليه		
يتواجد	يوجد		يتواجد الحديد في الطبيعة بكثرة	يوجد الحديد في الطبيعة بكثرة		
لِوَحْدِه	وَحْدَهُ	(وَحْد) منصوبٌ على الحال	سَافَرَ لِوَحْدِه	سَافَرَ وَحْدَهُ		
على حِدا |على حِدى|حِدَه	على حِدَةٍ		جعله على حِدا / حِدى / حِدَه	جعله على حِدَةٍ		
التَّوَادُدُ والتراحُم	التَّوَادُّ والتراحُم	يجب الإدغام في مصدر الثلاثي المضعف المزيد على وزن (تَفاعُل)	التَّوَادُدُ والتراحُم	التَّوَادُّ والتراحُم		
الوَرِيثُ	الوَارِثُ	(الوريث) لم تسمع عن العرب	فلانٌ هو الوَرِيثُ الوحيد	فلان هو الوَارِثُ الوحيد		
وَارَوا الشّهِيدَ الترابَ	وَارَوا الشّهِيدَ في الترابِ	الفعل (وارى) يتعدى بنفسه إلى مفعول واحد	وَارَوا الشّهِيدَ الترابَ	وَارَوا الشّهِيدَ في الترابِ		
توازعوه فيما بينهم	توزَّعوه فيما بينهم	ليس في العربية (توازع)	توازعوه فيما بينهم	توزَّعوه فيما بينهم		
توسَّل	توسَّل ب	(توسَّل) لا يتعدى بنفسه, وإنما يتوصل إلى ما يستعين به بالباء	لم تنفعْه الحُجَجُ التي توسَّلها لتبرئته	لم تنفعْه الحُجَجُ التي توسَّل بها لتبرئته		
مُوشِكٌ على الإفلاس 	مشرف على الإفلاس|على وشْك الإفلاس		فلانٌ مُوشِكٌ على الإفلاس 	فلان مشرف على الإفلاس		
#مُوشِكٌ على الإفلاس 	على وشْك الإفلاس		فلانٌ مُوشِكٌ على الإفلاس 	فلان على وشْك الإفلاس		
بابٌ مَوْصُودٌ	بابٌ مُوصَدٌ	(وَصَدَ الشيءُ): ثـَبـَتَ	بابٌ مَوْصُودٌ	بابٌ مُوصَدٌ		
اتّصَلَ معه	اتّصَلَ به		اتّصَلَ معه	اتّصَلَ به		
وَضَاحَةُ العبارة	وُضُوحُ العبارة		وَضَاحَةُ العبارة	وُضُوحُ العبارة		
مَوْضِعٌ وَاطِئٌ	مَوْضعٌ وَطِيء|موضع منخفض	(الواطئ) اسم فاعل من (وطئ)	مَوْضِعٌ وَاطِئٌ	مَوْضعٌ وَطِيء / منخفض		
استوطن في	استوطن		حَلّ خالد بحمص واستوطن فيها 	حَلّ خالد بحمص واستوطنها 		
توطَّن في	توطَّن	(استوطن) و(توطَّن) فعلان متعديان	حَلّ خالد بحمص وتوطَّن فيها	حَلّ خالد بحمص وتوطَّنها 		
مُتَوَعِّكٌ	مَوْعُوك| وَعِكٌ		فلانٌ مُتَوَعِّكٌ	فلانٌ مَوْعُوك / وَعِكٌ		
وَفَى الكَيْلَ 	أَوْفَى الكيلَ		وَفَى الكَيْلَ 	أَوْفَى الكيلَ		
وَقَدْتُ الحطبَ	أوْقَدْتُ الحطبَ		وَقَدْتُ الحطبَ	أوْقَدْتُ الحطبَ		
أوْكَلَ الأمرَ إلى|مُوكَلٌ إليه	وَكَلَ الأمرَ إلى |مَوْكُولٌ إليه|أوْكَلَ الأمرَ على|مُوكَلٌ عليه		أوْكَلَ الأمرَ إلى فلان، فهو مُوكَلٌ إليه	وَكَلَ الأمرَ إلى فلان، فهو مَوْكُولٌ إليه		
#أوْكَلَ الأمرَ إلى|مُوكَلٌ إليه	أوْكَلَ الأمرَ على|مُوكَلٌ عليه		أوْكَلَ الأمرَ إلى فلان، فهو مُوكَلٌ إليه	أوْكَلَ الأمرَ على فلان، فهو مُوكَلٌ عليه		
تولّج الأمرَ بنفسه	تولّى الأمرَ بنفسه|تقلّد الأمرَ بنفسه	(تولّج): دخل	تولّج الأمرَ بنفسه	تولّى / تقلّد / الأمرَ بنفسه		
وَلَّعَ النارَ	أَشْعَلَ النار|أَوْقَدَ النارَ	(وَلَّع فلاناً به): أغراه	وَلَّعَ النارَ	أَشْعَلَ / أَوْقَدَ النارَ		
لم يَلدْ له أبناء	لم يُولَد له أبناء		لم يَلدْ له أبناء	لم يُولَد له أبناء		
الموانئ 	المواني		الموانئ 	المواني		
لأول وهلة	أول وهلة		يبدو ذلك غامضاً لأول وهلة	يبدو ذلك غامضاً أول وهلة		
اليافطة	اللافتة		اليافطة	اللافتة		
رجال يَقْظَى 	رجال يـِقاظٌ|رجال أيْقاظٌ	(يَقْظَى) مؤنث (يقظان)، وفي جمعها تقول:(هذه نسوة يـِقاظ / يَقاظى) 	هؤلاء رجال يَقْظَى 	هؤلاء رجال يـِقاظٌ / أيْقاظٌ		
أيقن من 	أيقن|أيقن ب|استوثق| توثـَّقُ من|كان من الأمر على يقين		أيقنتُ من الأمر	أيقنتُ الأمرَ / بالأمر		
#أيقن من 	استوثق| توثـَّقُ من 		أيقنتُ من الأمر	استوثقتُ / توثـَّقتُ من الأمر		
#أيقن من	كان من الأمر على يقين	(أيقن) يتعدى بنفسه أو بالباء	أيقنتُ من الأمر	كنتُ من الأمر على يقين		
يَمِيناً صَادِقاً 	يَمِيناً صَادِقَةً	(اليمين) اسمٌ مؤنث	يَمِيناً صَادِقاً 	يَمِيناً صَادِقَةً		
